Copyright 1986-2022 Xilinx, Inc. All Rights Reserved. Copyright 2022-2026 Advanced Micro Devices, Inc. All Rights Reserved.
---------------------------------------------------------------------------------------------------------------------------------------------------------------------------------------------------------------------------------------------------------
| Tool Version : Vivado v.2026.1 (win64) Build 6511674 Tue Jun 16 11:02:23 MDT 2026
| Date         : Thu Oct  1 21:19:36 2026
| Host         : DESKTOP-IOFH4PG running 64-bit major release  (build 9200)
| Command      : report_timing_summary -max_paths 10 -routable_nets -report_unconstrained -file zynq_PS_wrapper_timing_summary_routed.rpt -pb zynq_PS_wrapper_timing_summary_routed.pb -rpx zynq_PS_wrapper_timing_summary_routed.rpx -warn_on_violation
| Design       : zynq_PS_wrapper
| Device       : 7z010-clg400
| Speed File   : -2  PRODUCTION 1.12 2019-11-22
| Design State : Routed
---------------------------------------------------------------------------------------------------------------------------------------------------------------------------------------------------------------------------------------------------------

Timing Summary Report

------------------------------------------------------------------------------------------------
| Timer Settings
| --------------
------------------------------------------------------------------------------------------------

  Enable Multi Corner Analysis               :  Yes
  Enable Pessimism Removal                   :  Yes
  Pessimism Removal Resolution               :  Nearest Common Node
  Enable Input Delay Default Clock           :  No
  Enable Preset / Clear Arcs                 :  No
  Disable Flight Delays                      :  No
  Ignore I/O Paths                           :  No
  Timing Early Launch at Borrowing Latches   :  No
  Borrow Time for Max Delay Exceptions       :  Yes
  Merge Timing Exceptions                    :  Yes
  Inter-SLR Compensation                     :  Conservative

  Corner  Analyze    Analyze    
  Name    Max Paths  Min Paths  
  ------  ---------  ---------  
  Slow    Yes        Yes        
  Fast    Yes        Yes        


------------------------------------------------------------------------------------------------
| Report Methodology
| ------------------
------------------------------------------------------------------------------------------------

Rule       Severity  Description                    Violations  
---------  --------  -----------------------------  ----------  
TIMING-18  Warning   Missing input or output delay  10          

Note: This report is based on the most recent report_methodology run and may not be up-to-date. Run report_methodology on the current design for the latest report.



check_timing report

Table of Contents
-----------------
1. checking no_clock (0)
2. checking constant_clock (0)
3. checking pulse_width_clock (0)
4. checking unconstrained_internal_endpoints (0)
5. checking no_input_delay (2)
6. checking no_output_delay (8)
7. checking multiple_clock (0)
8. checking generated_clocks (0)
9. checking loops (0)
10. checking partial_input_delay (0)
11. checking partial_output_delay (0)
12. checking latch_loops (0)

1. checking no_clock (0)
------------------------
 There are 0 register/latch pins with no clock.


2. checking constant_clock (0)
------------------------------
 There are 0 register/latch pins with constant_clock.


3. checking pulse_width_clock (0)
---------------------------------
 There are 0 register/latch pins which need pulse_width check


4. checking unconstrained_internal_endpoints (0)
------------------------------------------------
 There are 0 pins that are not constrained for maximum delay.

 There are 0 pins that are not constrained for maximum delay due to constant clock.


5. checking no_input_delay (2)
------------------------------
 There are 2 input ports with no input delay specified. (HIGH)

 There are 0 input ports with no input delay but user has a false path constraint.


6. checking no_output_delay (8)
-------------------------------
 There are 8 ports with no output delay specified. (HIGH)

 There are 0 ports with no output delay but user has a false path constraint

 There are 0 ports with no output delay but with a timing clock defined on it or propagating through it


7. checking multiple_clock (0)
------------------------------
 There are 0 register/latch pins with multiple clocks.


8. checking generated_clocks (0)
--------------------------------
 There are 0 generated clocks that are not connected to a clock source.


9. checking loops (0)
---------------------
 There are 0 combinational loops in the design.


10. checking partial_input_delay (0)
------------------------------------
 There are 0 input ports with partial input delay specified.


11. checking partial_output_delay (0)
-------------------------------------
 There are 0 ports with partial output delay specified.


12. checking latch_loops (0)
----------------------------
 There are 0 combinational latch loops in the design through latch input



------------------------------------------------------------------------------------------------
| Design Timing Summary
| ---------------------
------------------------------------------------------------------------------------------------

    WNS(ns)      TNS(ns)  TNS Failing Endpoints  TNS Total Endpoints      WHS(ns)      THS(ns)  THS Failing Endpoints  THS Total Endpoints     WPWS(ns)     TPWS(ns)  TPWS Failing Endpoints  TPWS Total Endpoints  
    -------      -------  ---------------------  -------------------      -------      -------  ---------------------  -------------------     --------     --------  ----------------------  --------------------  
     13.374        0.000                      0                 2005        0.103        0.000                      0                 2005        9.146        0.000                       0                   802  


All user specified timing constraints are met.


------------------------------------------------------------------------------------------------
| Clock Summary
| -------------
------------------------------------------------------------------------------------------------

Clock       Waveform(ns)       Period(ns)      Frequency(MHz)
-----       ------------       ----------      --------------
clk_fpga_0  {0.000 10.000}     20.000          50.000          


------------------------------------------------------------------------------------------------
| Intra Clock Table
| -----------------
------------------------------------------------------------------------------------------------

Clock             WNS(ns)      TNS(ns)  TNS Failing Endpoints  TNS Total Endpoints      WHS(ns)      THS(ns)  THS Failing Endpoints  THS Total Endpoints     WPWS(ns)     TPWS(ns)  TPWS Failing Endpoints  TPWS Total Endpoints  
-----             -------      -------  ---------------------  -------------------      -------      -------  ---------------------  -------------------     --------     --------  ----------------------  --------------------  
clk_fpga_0         13.374        0.000                      0                 2005        0.103        0.000                      0                 2005        9.146        0.000                       0                   802  


------------------------------------------------------------------------------------------------
| Inter Clock Table
| -----------------
------------------------------------------------------------------------------------------------

From Clock    To Clock          WNS(ns)      TNS(ns)  TNS Failing Endpoints  TNS Total Endpoints      WHS(ns)      THS(ns)  THS Failing Endpoints  THS Total Endpoints  
----------    --------          -------      -------  ---------------------  -------------------      -------      -------  ---------------------  -------------------  


------------------------------------------------------------------------------------------------
| Other Path Groups Table
| -----------------------
------------------------------------------------------------------------------------------------

Path Group    From Clock    To Clock          WNS(ns)      TNS(ns)  TNS Failing Endpoints  TNS Total Endpoints      WHS(ns)      THS(ns)  THS Failing Endpoints  THS Total Endpoints  
----------    ----------    --------          -------      -------  ---------------------  -------------------      -------      -------  ---------------------  -------------------  


------------------------------------------------------------------------------------------------
| User Ignored Path Table
| -----------------------
------------------------------------------------------------------------------------------------

Path Group    From Clock    To Clock    
----------    ----------    --------    
(none)                      clk_fpga_0    
(none)        clk_fpga_0    clk_fpga_0    


------------------------------------------------------------------------------------------------
| Unconstrained Path Table
| ------------------------
------------------------------------------------------------------------------------------------

Path Group    From Clock    To Clock    
----------    ----------    --------    
(none)        clk_fpga_0                  


------------------------------------------------------------------------------------------------
| Timing Details
| --------------
------------------------------------------------------------------------------------------------


---------------------------------------------------------------------------------------------------
From Clock:  clk_fpga_0
  To Clock:  clk_fpga_0

Setup :            0  Failing Endpoints,  Worst Slack       13.374ns,  Total Violation        0.000ns
Hold  :            0  Failing Endpoints,  Worst Slack        0.103ns,  Total Violation        0.000ns
PW    :            0  Failing Endpoints,  Worst Slack        9.146ns,  Total Violation        0.000ns
---------------------------------------------------------------------------------------------------


Max Delay Paths
--------------------------------------------------------------------------------------
Slack (MET) :             13.374ns  (required time - arrival time)
  Source:                 zynq_PS_i/axi_timer_0/U0/AXI4_LITE_I/I_SLAVE_ATTACHMENT/I_DECODER/GEN_BKEND_CE_REGISTERS[1].ce_out_i_reg[1]/C
                            (rising edge-triggered cell FDRE clocked by clk_fpga_0  {rise@0.000ns fall@10.000ns period=20.000ns})
  Destination:            zynq_PS_i/axi_smc/inst/sc_ul/inst/gen_axi_full_nxm.sasd_inst/FSM_sequential_gen_write.w_state_reg[2]/D
                            (rising edge-triggered cell FDRE clocked by clk_fpga_0  {rise@0.000ns fall@10.000ns period=20.000ns})
  Path Group:             clk_fpga_0
  Path Type:              Setup (Max at Slow Process Corner)
  Requirement:            20.000ns  (clk_fpga_0 rise@20.000ns - clk_fpga_0 rise@0.000ns)
  Data Path Delay:        6.073ns  (logic 1.389ns (22.872%)  route 4.684ns (77.128%))
  Logic Levels:           6  (LUT2=1 LUT4=1 LUT5=2 LUT6=2)
  Clock Path Skew:        -0.057ns (DCD - SCD + CPR)
    Destination Clock Delay (DCD):    2.254ns = ( 22.254 - 20.000 ) 
    Source Clock Delay      (SCD):    2.508ns
    Clock Pessimism Removal (CPR):    0.197ns
  Clock Uncertainty:      0.302ns  ((TSJ^2 + TIJ^2)^1/2 + DJ) / 2 + PE
    Total System Jitter     (TSJ):    0.071ns
    Total Input Jitter      (TIJ):    0.600ns
    Discrete Jitter          (DJ):    0.000ns
    Phase Error              (PE):    0.000ns

    Location             Delay type                Incr(ns)  Path(ns)    Netlist Resource(s)
  -------------------------------------------------------------------    -------------------
                         (clock clk_fpga_0 rise edge)
                                                      0.000     0.000 r  <hidden>
    PS7_X0Y0             PS7                          0.000     0.000 r  zynq_PS_i/processing_system7_0/inst/PS7_i/FCLKCLK[0]
                         net (fo=1, routed)           1.008     1.008    zynq_PS_i/processing_system7_0/inst/FCLK_CLK_unbuffered[0]
    BUFGCTRL_X0Y0        BUFG (Prop_bufg_I_O)         0.085     1.093 r  zynq_PS_i/processing_system7_0/inst/buffer_fclk_clk_0.FCLK_CLK_0_BUFG/O
                         net (fo=802, routed)         1.415     2.508    zynq_PS_i/axi_timer_0/U0/AXI4_LITE_I/I_SLAVE_ATTACHMENT/I_DECODER/s_axi_aclk
    SLICE_X14Y44         FDRE                                         r  zynq_PS_i/axi_timer_0/U0/AXI4_LITE_I/I_SLAVE_ATTACHMENT/I_DECODER/GEN_BKEND_CE_REGISTERS[1].ce_out_i_reg[1]/C
  -------------------------------------------------------------------    -------------------
    SLICE_X14Y44         FDRE (Prop_fdre_C_Q)         0.379     2.887 r  zynq_PS_i/axi_timer_0/U0/AXI4_LITE_I/I_SLAVE_ATTACHMENT/I_DECODER/GEN_BKEND_CE_REGISTERS[1].ce_out_i_reg[1]/Q
                         net (fo=58, routed)          1.093     3.980    zynq_PS_i/axi_timer_0/U0/AXI4_LITE_I/I_SLAVE_ATTACHMENT/I_DECODER/GEN_BKEND_CE_REGISTERS[1].ce_out_i_reg[1]_0
    SLICE_X11Y43         LUT2 (Prop_lut2_I0_O)        0.114     4.094 r  zynq_PS_i/axi_timer_0/U0/AXI4_LITE_I/I_SLAVE_ATTACHMENT/I_DECODER/s_axi_wready_INST_0_i_4/O
                         net (fo=1, routed)           0.872     4.966    zynq_PS_i/axi_timer_0/U0/AXI4_LITE_I/I_SLAVE_ATTACHMENT/I_DECODER/s_axi_wready_INST_0_i_4_n_0
    SLICE_X14Y43         LUT6 (Prop_lut6_I4_O)        0.274     5.240 r  zynq_PS_i/axi_timer_0/U0/AXI4_LITE_I/I_SLAVE_ATTACHMENT/I_DECODER/s_axi_wready_INST_0/O
                         net (fo=11, routed)          0.618     5.858    zynq_PS_i/axi_smc/inst/sc_ul/inst/gen_axi_full_nxm.sasd_inst/m01_axi_awready
    SLICE_X14Y45         LUT5 (Prop_lut5_I4_O)        0.126     5.984 f  zynq_PS_i/axi_smc/inst/sc_ul/inst/gen_axi_full_nxm.sasd_inst/gen_write.w_done_i_2/O
                         net (fo=3, routed)           0.842     6.826    zynq_PS_i/axi_smc/inst/sc_ul/inst/gen_axi_full_nxm.sasd_inst/gen_write.w_done_i_2_n_0
    SLICE_X10Y47         LUT6 (Prop_lut6_I4_O)        0.267     7.093 r  zynq_PS_i/axi_smc/inst/sc_ul/inst/gen_axi_full_nxm.sasd_inst/gen_write.s_axi_awready_vec_i[0]_i_7/O
                         net (fo=2, routed)           0.251     7.344    zynq_PS_i/axi_smc/inst/sc_ul/inst/gen_axi_full_nxm.sasd_inst/gen_write.s_axi_awready_vec_i[0]_i_7_n_0
    SLICE_X10Y49         LUT5 (Prop_lut5_I1_O)        0.105     7.449 r  zynq_PS_i/axi_smc/inst/sc_ul/inst/gen_axi_full_nxm.sasd_inst/FSM_sequential_gen_write.w_state[2]_i_2/O
                         net (fo=3, routed)           0.530     7.979    zynq_PS_i/axi_smc/inst/sc_ul/inst/gen_axi_full_nxm.sasd_inst/FSM_sequential_gen_write.w_state[2]_i_2_n_0
    SLICE_X11Y49         LUT4 (Prop_lut4_I2_O)        0.124     8.103 r  zynq_PS_i/axi_smc/inst/sc_ul/inst/gen_axi_full_nxm.sasd_inst/FSM_sequential_gen_write.w_state[2]_i_1/O
                         net (fo=1, routed)           0.477     8.581    zynq_PS_i/axi_smc/inst/sc_ul/inst/gen_axi_full_nxm.sasd_inst/FSM_sequential_gen_write.w_state[2]_i_1_n_0
    SLICE_X11Y48         FDRE                                         r  zynq_PS_i/axi_smc/inst/sc_ul/inst/gen_axi_full_nxm.sasd_inst/FSM_sequential_gen_write.w_state_reg[2]/D
  -------------------------------------------------------------------    -------------------

                         (clock clk_fpga_0 rise edge)
                                                     20.000    20.000 r  <hidden>
    PS7_X0Y0             PS7                          0.000    20.000 r  zynq_PS_i/processing_system7_0/inst/PS7_i/FCLKCLK[0]
                         net (fo=1, routed)           0.915    20.916    zynq_PS_i/processing_system7_0/inst/FCLK_CLK_unbuffered[0]
    BUFGCTRL_X0Y0        BUFG (Prop_bufg_I_O)         0.077    20.993 r  zynq_PS_i/processing_system7_0/inst/buffer_fclk_clk_0.FCLK_CLK_0_BUFG/O
                         net (fo=802, routed)         1.262    22.254    zynq_PS_i/axi_smc/inst/sc_ul/inst/gen_axi_full_nxm.sasd_inst/aclk
    SLICE_X11Y48         FDRE                                         r  zynq_PS_i/axi_smc/inst/sc_ul/inst/gen_axi_full_nxm.sasd_inst/FSM_sequential_gen_write.w_state_reg[2]/C
                         clock pessimism              0.197    22.451    <hidden>
                         clock uncertainty           -0.302    22.149    <hidden>
    SLICE_X11Y48         FDRE (Setup_fdre_C_D)       -0.194    21.955    zynq_PS_i/axi_smc/inst/sc_ul/inst/gen_axi_full_nxm.sasd_inst/FSM_sequential_gen_write.w_state_reg[2]
  -------------------------------------------------------------------
                         required time                         21.955    <hidden>
                         arrival time                          -8.581    <hidden>
  -------------------------------------------------------------------
                         slack                                 13.374    <hidden>

Slack (MET) :             13.578ns  (required time - arrival time)
  Source:                 zynq_PS_i/axi_timer_0/U0/AXI4_LITE_I/I_SLAVE_ATTACHMENT/I_DECODER/GEN_BKEND_CE_REGISTERS[1].ce_out_i_reg[1]/C
                            (rising edge-triggered cell FDRE clocked by clk_fpga_0  {rise@0.000ns fall@10.000ns period=20.000ns})
  Destination:            zynq_PS_i/axi_smc/inst/sc_ul/inst/gen_axi_full_nxm.sasd_inst/gen_write.w_split_reg[0]/CE
                            (rising edge-triggered cell FDRE clocked by clk_fpga_0  {rise@0.000ns fall@10.000ns period=20.000ns})
  Path Group:             clk_fpga_0
  Path Type:              Setup (Max at Slow Process Corner)
  Requirement:            20.000ns  (clk_fpga_0 rise@20.000ns - clk_fpga_0 rise@0.000ns)
  Data Path Delay:        5.968ns  (logic 1.456ns (24.397%)  route 4.512ns (75.603%))
  Logic Levels:           5  (LUT2=1 LUT4=1 LUT5=1 LUT6=2)
  Clock Path Skew:        -0.016ns (DCD - SCD + CPR)
    Destination Clock Delay (DCD):    2.295ns = ( 22.295 - 20.000 ) 
    Source Clock Delay      (SCD):    2.508ns
    Clock Pessimism Removal (CPR):    0.197ns
  Clock Uncertainty:      0.302ns  ((TSJ^2 + TIJ^2)^1/2 + DJ) / 2 + PE
    Total System Jitter     (TSJ):    0.071ns
    Total Input Jitter      (TIJ):    0.600ns
    Discrete Jitter          (DJ):    0.000ns
    Phase Error              (PE):    0.000ns

    Location             Delay type                Incr(ns)  Path(ns)    Netlist Resource(s)
  -------------------------------------------------------------------    -------------------
                         (clock clk_fpga_0 rise edge)
                                                      0.000     0.000 r  <hidden>
    PS7_X0Y0             PS7                          0.000     0.000 r  zynq_PS_i/processing_system7_0/inst/PS7_i/FCLKCLK[0]
                         net (fo=1, routed)           1.008     1.008    zynq_PS_i/processing_system7_0/inst/FCLK_CLK_unbuffered[0]
    BUFGCTRL_X0Y0        BUFG (Prop_bufg_I_O)         0.085     1.093 r  zynq_PS_i/processing_system7_0/inst/buffer_fclk_clk_0.FCLK_CLK_0_BUFG/O
                         net (fo=802, routed)         1.415     2.508    zynq_PS_i/axi_timer_0/U0/AXI4_LITE_I/I_SLAVE_ATTACHMENT/I_DECODER/s_axi_aclk
    SLICE_X14Y44         FDRE                                         r  zynq_PS_i/axi_timer_0/U0/AXI4_LITE_I/I_SLAVE_ATTACHMENT/I_DECODER/GEN_BKEND_CE_REGISTERS[1].ce_out_i_reg[1]/C
  -------------------------------------------------------------------    -------------------
    SLICE_X14Y44         FDRE (Prop_fdre_C_Q)         0.379     2.887 r  zynq_PS_i/axi_timer_0/U0/AXI4_LITE_I/I_SLAVE_ATTACHMENT/I_DECODER/GEN_BKEND_CE_REGISTERS[1].ce_out_i_reg[1]/Q
                         net (fo=58, routed)          1.093     3.980    zynq_PS_i/axi_timer_0/U0/AXI4_LITE_I/I_SLAVE_ATTACHMENT/I_DECODER/GEN_BKEND_CE_REGISTERS[1].ce_out_i_reg[1]_0
    SLICE_X11Y43         LUT2 (Prop_lut2_I0_O)        0.114     4.094 r  zynq_PS_i/axi_timer_0/U0/AXI4_LITE_I/I_SLAVE_ATTACHMENT/I_DECODER/s_axi_wready_INST_0_i_4/O
                         net (fo=1, routed)           0.872     4.966    zynq_PS_i/axi_timer_0/U0/AXI4_LITE_I/I_SLAVE_ATTACHMENT/I_DECODER/s_axi_wready_INST_0_i_4_n_0
    SLICE_X14Y43         LUT6 (Prop_lut6_I4_O)        0.274     5.240 r  zynq_PS_i/axi_timer_0/U0/AXI4_LITE_I/I_SLAVE_ATTACHMENT/I_DECODER/s_axi_wready_INST_0/O
                         net (fo=11, routed)          0.611     5.850    zynq_PS_i/axi_smc/inst/sc_ul/inst/gen_axi_full_nxm.sasd_inst/m01_axi_wready
    SLICE_X14Y45         LUT4 (Prop_lut4_I0_O)        0.126     5.976 r  zynq_PS_i/axi_smc/inst/sc_ul/inst/gen_axi_full_nxm.sasd_inst/gen_write.w_done_i_3/O
                         net (fo=5, routed)           0.493     6.469    zynq_PS_i/axi_smc/inst/sc_ul/inst/gen_axi_full_nxm.sasd_inst/gen_write.w_done_i_3_n_0
    SLICE_X14Y46         LUT5 (Prop_lut5_I4_O)        0.296     6.765 r  zynq_PS_i/axi_smc/inst/sc_ul/inst/gen_axi_full_nxm.sasd_inst/gen_write.w_split[4]_i_3/O
                         net (fo=3, routed)           0.965     7.730    zynq_PS_i/axi_smc/inst/sc_ul/inst/gen_axi_full_nxm.sasd_inst/gen_write.w_split[4]_i_3_n_0
    SLICE_X4Y48          LUT6 (Prop_lut6_I0_O)        0.267     7.997 r  zynq_PS_i/axi_smc/inst/sc_ul/inst/gen_axi_full_nxm.sasd_inst/gen_write.w_split[4]_i_1/O
                         net (fo=6, routed)           0.479     8.476    zynq_PS_i/axi_smc/inst/sc_ul/inst/gen_axi_full_nxm.sasd_inst/gen_write.w_split[4]_i_1_n_0
    SLICE_X4Y48          FDRE                                         r  zynq_PS_i/axi_smc/inst/sc_ul/inst/gen_axi_full_nxm.sasd_inst/gen_write.w_split_reg[0]/CE
  -------------------------------------------------------------------    -------------------

                         (clock clk_fpga_0 rise edge)
                                                     20.000    20.000 r  <hidden>
    PS7_X0Y0             PS7                          0.000    20.000 r  zynq_PS_i/processing_system7_0/inst/PS7_i/FCLKCLK[0]
                         net (fo=1, routed)           0.915    20.916    zynq_PS_i/processing_system7_0/inst/FCLK_CLK_unbuffered[0]
    BUFGCTRL_X0Y0        BUFG (Prop_bufg_I_O)         0.077    20.993 r  zynq_PS_i/processing_system7_0/inst/buffer_fclk_clk_0.FCLK_CLK_0_BUFG/O
                         net (fo=802, routed)         1.303    22.295    zynq_PS_i/axi_smc/inst/sc_ul/inst/gen_axi_full_nxm.sasd_inst/aclk
    SLICE_X4Y48          FDRE                                         r  zynq_PS_i/axi_smc/inst/sc_ul/inst/gen_axi_full_nxm.sasd_inst/gen_write.w_split_reg[0]/C
                         clock pessimism              0.197    22.492    <hidden>
                         clock uncertainty           -0.302    22.190    <hidden>
    SLICE_X4Y48          FDRE (Setup_fdre_C_CE)      -0.136    22.054    zynq_PS_i/axi_smc/inst/sc_ul/inst/gen_axi_full_nxm.sasd_inst/gen_write.w_split_reg[0]
  -------------------------------------------------------------------
                         required time                         22.054    <hidden>
                         arrival time                          -8.476    <hidden>
  -------------------------------------------------------------------
                         slack                                 13.578    <hidden>

Slack (MET) :             13.592ns  (required time - arrival time)
  Source:                 zynq_PS_i/axi_timer_0/U0/AXI4_LITE_I/I_SLAVE_ATTACHMENT/I_DECODER/GEN_BKEND_CE_REGISTERS[1].ce_out_i_reg[1]/C
                            (rising edge-triggered cell FDRE clocked by clk_fpga_0  {rise@0.000ns fall@10.000ns period=20.000ns})
  Destination:            zynq_PS_i/axi_smc/inst/sc_ul/inst/gen_axi_full_nxm.sasd_inst/gen_write.aw_addr_reg[10]/CE
                            (rising edge-triggered cell FDRE clocked by clk_fpga_0  {rise@0.000ns fall@10.000ns period=20.000ns})
  Path Group:             clk_fpga_0
  Path Type:              Setup (Max at Slow Process Corner)
  Requirement:            20.000ns  (clk_fpga_0 rise@20.000ns - clk_fpga_0 rise@0.000ns)
  Data Path Delay:        5.922ns  (logic 1.273ns (21.495%)  route 4.649ns (78.505%))
  Logic Levels:           5  (LUT2=1 LUT4=2 LUT5=1 LUT6=1)
  Clock Path Skew:        -0.016ns (DCD - SCD + CPR)
    Destination Clock Delay (DCD):    2.295ns = ( 22.295 - 20.000 ) 
    Source Clock Delay      (SCD):    2.508ns
    Clock Pessimism Removal (CPR):    0.197ns
  Clock Uncertainty:      0.302ns  ((TSJ^2 + TIJ^2)^1/2 + DJ) / 2 + PE
    Total System Jitter     (TSJ):    0.071ns
    Total Input Jitter      (TIJ):    0.600ns
    Discrete Jitter          (DJ):    0.000ns
    Phase Error              (PE):    0.000ns

    Location             Delay type                Incr(ns)  Path(ns)    Netlist Resource(s)
  -------------------------------------------------------------------    -------------------
                         (clock clk_fpga_0 rise edge)
                                                      0.000     0.000 r  <hidden>
    PS7_X0Y0             PS7                          0.000     0.000 r  zynq_PS_i/processing_system7_0/inst/PS7_i/FCLKCLK[0]
                         net (fo=1, routed)           1.008     1.008    zynq_PS_i/processing_system7_0/inst/FCLK_CLK_unbuffered[0]
    BUFGCTRL_X0Y0        BUFG (Prop_bufg_I_O)         0.085     1.093 r  zynq_PS_i/processing_system7_0/inst/buffer_fclk_clk_0.FCLK_CLK_0_BUFG/O
                         net (fo=802, routed)         1.415     2.508    zynq_PS_i/axi_timer_0/U0/AXI4_LITE_I/I_SLAVE_ATTACHMENT/I_DECODER/s_axi_aclk
    SLICE_X14Y44         FDRE                                         r  zynq_PS_i/axi_timer_0/U0/AXI4_LITE_I/I_SLAVE_ATTACHMENT/I_DECODER/GEN_BKEND_CE_REGISTERS[1].ce_out_i_reg[1]/C
  -------------------------------------------------------------------    -------------------
    SLICE_X14Y44         FDRE (Prop_fdre_C_Q)         0.379     2.887 r  zynq_PS_i/axi_timer_0/U0/AXI4_LITE_I/I_SLAVE_ATTACHMENT/I_DECODER/GEN_BKEND_CE_REGISTERS[1].ce_out_i_reg[1]/Q
                         net (fo=58, routed)          1.093     3.980    zynq_PS_i/axi_timer_0/U0/AXI4_LITE_I/I_SLAVE_ATTACHMENT/I_DECODER/GEN_BKEND_CE_REGISTERS[1].ce_out_i_reg[1]_0
    SLICE_X11Y43         LUT2 (Prop_lut2_I0_O)        0.114     4.094 r  zynq_PS_i/axi_timer_0/U0/AXI4_LITE_I/I_SLAVE_ATTACHMENT/I_DECODER/s_axi_wready_INST_0_i_4/O
                         net (fo=1, routed)           0.872     4.966    zynq_PS_i/axi_timer_0/U0/AXI4_LITE_I/I_SLAVE_ATTACHMENT/I_DECODER/s_axi_wready_INST_0_i_4_n_0
    SLICE_X14Y43         LUT6 (Prop_lut6_I4_O)        0.274     5.240 r  zynq_PS_i/axi_timer_0/U0/AXI4_LITE_I/I_SLAVE_ATTACHMENT/I_DECODER/s_axi_wready_INST_0/O
                         net (fo=11, routed)          0.611     5.850    zynq_PS_i/axi_smc/inst/sc_ul/inst/gen_axi_full_nxm.sasd_inst/m01_axi_wready
    SLICE_X14Y45         LUT4 (Prop_lut4_I0_O)        0.126     5.976 r  zynq_PS_i/axi_smc/inst/sc_ul/inst/gen_axi_full_nxm.sasd_inst/gen_write.w_done_i_3/O
                         net (fo=5, routed)           0.493     6.469    zynq_PS_i/axi_smc/inst/sc_ul/inst/gen_axi_full_nxm.sasd_inst/gen_write.w_done_i_3_n_0
    SLICE_X14Y46         LUT4 (Prop_lut4_I0_O)        0.275     6.744 r  zynq_PS_i/axi_smc/inst/sc_ul/inst/gen_axi_full_nxm.sasd_inst/gen_write.aw_addr[8]_i_3/O
                         net (fo=7, routed)           0.511     7.255    zynq_PS_i/axi_smc/inst/sc_ul/inst/gen_axi_full_nxm.sasd_inst/gen_write.aw_addr[8]_i_3_n_0
    SLICE_X10Y46         LUT5 (Prop_lut5_I1_O)        0.105     7.360 r  zynq_PS_i/axi_smc/inst/sc_ul/inst/gen_axi_full_nxm.sasd_inst/gen_write.aw_addr[8]_i_1/O
                         net (fo=12, routed)          1.070     8.430    zynq_PS_i/axi_smc/inst/sc_ul/inst/gen_axi_full_nxm.sasd_inst/gen_write.aw_addr[8]_i_1_n_0
    SLICE_X3Y42          FDRE                                         r  zynq_PS_i/axi_smc/inst/sc_ul/inst/gen_axi_full_nxm.sasd_inst/gen_write.aw_addr_reg[10]/CE
  -------------------------------------------------------------------    -------------------

                         (clock clk_fpga_0 rise edge)
                                                     20.000    20.000 r  <hidden>
    PS7_X0Y0             PS7                          0.000    20.000 r  zynq_PS_i/processing_system7_0/inst/PS7_i/FCLKCLK[0]
                         net (fo=1, routed)           0.915    20.916    zynq_PS_i/processing_system7_0/inst/FCLK_CLK_unbuffered[0]
    BUFGCTRL_X0Y0        BUFG (Prop_bufg_I_O)         0.077    20.993 r  zynq_PS_i/processing_system7_0/inst/buffer_fclk_clk_0.FCLK_CLK_0_BUFG/O
                         net (fo=802, routed)         1.303    22.295    zynq_PS_i/axi_smc/inst/sc_ul/inst/gen_axi_full_nxm.sasd_inst/aclk
    SLICE_X3Y42          FDRE                                         r  zynq_PS_i/axi_smc/inst/sc_ul/inst/gen_axi_full_nxm.sasd_inst/gen_write.aw_addr_reg[10]/C
                         clock pessimism              0.197    22.492    <hidden>
                         clock uncertainty           -0.302    22.190    <hidden>
    SLICE_X3Y42          FDRE (Setup_fdre_C_CE)      -0.168    22.022    zynq_PS_i/axi_smc/inst/sc_ul/inst/gen_axi_full_nxm.sasd_inst/gen_write.aw_addr_reg[10]
  -------------------------------------------------------------------
                         required time                         22.022    <hidden>
                         arrival time                          -8.430    <hidden>
  -------------------------------------------------------------------
                         slack                                 13.592    <hidden>

Slack (MET) :             13.592ns  (required time - arrival time)
  Source:                 zynq_PS_i/axi_timer_0/U0/AXI4_LITE_I/I_SLAVE_ATTACHMENT/I_DECODER/GEN_BKEND_CE_REGISTERS[1].ce_out_i_reg[1]/C
                            (rising edge-triggered cell FDRE clocked by clk_fpga_0  {rise@0.000ns fall@10.000ns period=20.000ns})
  Destination:            zynq_PS_i/axi_smc/inst/sc_ul/inst/gen_axi_full_nxm.sasd_inst/gen_write.aw_addr_reg[4]/CE
                            (rising edge-triggered cell FDRE clocked by clk_fpga_0  {rise@0.000ns fall@10.000ns period=20.000ns})
  Path Group:             clk_fpga_0
  Path Type:              Setup (Max at Slow Process Corner)
  Requirement:            20.000ns  (clk_fpga_0 rise@20.000ns - clk_fpga_0 rise@0.000ns)
  Data Path Delay:        5.922ns  (logic 1.273ns (21.495%)  route 4.649ns (78.505%))
  Logic Levels:           5  (LUT2=1 LUT4=2 LUT5=1 LUT6=1)
  Clock Path Skew:        -0.016ns (DCD - SCD + CPR)
    Destination Clock Delay (DCD):    2.295ns = ( 22.295 - 20.000 ) 
    Source Clock Delay      (SCD):    2.508ns
    Clock Pessimism Removal (CPR):    0.197ns
  Clock Uncertainty:      0.302ns  ((TSJ^2 + TIJ^2)^1/2 + DJ) / 2 + PE
    Total System Jitter     (TSJ):    0.071ns
    Total Input Jitter      (TIJ):    0.600ns
    Discrete Jitter          (DJ):    0.000ns
    Phase Error              (PE):    0.000ns

    Location             Delay type                Incr(ns)  Path(ns)    Netlist Resource(s)
  -------------------------------------------------------------------    -------------------
                         (clock clk_fpga_0 rise edge)
                                                      0.000     0.000 r  <hidden>
    PS7_X0Y0             PS7                          0.000     0.000 r  zynq_PS_i/processing_system7_0/inst/PS7_i/FCLKCLK[0]
                         net (fo=1, routed)           1.008     1.008    zynq_PS_i/processing_system7_0/inst/FCLK_CLK_unbuffered[0]
    BUFGCTRL_X0Y0        BUFG (Prop_bufg_I_O)         0.085     1.093 r  zynq_PS_i/processing_system7_0/inst/buffer_fclk_clk_0.FCLK_CLK_0_BUFG/O
                         net (fo=802, routed)         1.415     2.508    zynq_PS_i/axi_timer_0/U0/AXI4_LITE_I/I_SLAVE_ATTACHMENT/I_DECODER/s_axi_aclk
    SLICE_X14Y44         FDRE                                         r  zynq_PS_i/axi_timer_0/U0/AXI4_LITE_I/I_SLAVE_ATTACHMENT/I_DECODER/GEN_BKEND_CE_REGISTERS[1].ce_out_i_reg[1]/C
  -------------------------------------------------------------------    -------------------
    SLICE_X14Y44         FDRE (Prop_fdre_C_Q)         0.379     2.887 r  zynq_PS_i/axi_timer_0/U0/AXI4_LITE_I/I_SLAVE_ATTACHMENT/I_DECODER/GEN_BKEND_CE_REGISTERS[1].ce_out_i_reg[1]/Q
                         net (fo=58, routed)          1.093     3.980    zynq_PS_i/axi_timer_0/U0/AXI4_LITE_I/I_SLAVE_ATTACHMENT/I_DECODER/GEN_BKEND_CE_REGISTERS[1].ce_out_i_reg[1]_0
    SLICE_X11Y43         LUT2 (Prop_lut2_I0_O)        0.114     4.094 r  zynq_PS_i/axi_timer_0/U0/AXI4_LITE_I/I_SLAVE_ATTACHMENT/I_DECODER/s_axi_wready_INST_0_i_4/O
                         net (fo=1, routed)           0.872     4.966    zynq_PS_i/axi_timer_0/U0/AXI4_LITE_I/I_SLAVE_ATTACHMENT/I_DECODER/s_axi_wready_INST_0_i_4_n_0
    SLICE_X14Y43         LUT6 (Prop_lut6_I4_O)        0.274     5.240 r  zynq_PS_i/axi_timer_0/U0/AXI4_LITE_I/I_SLAVE_ATTACHMENT/I_DECODER/s_axi_wready_INST_0/O
                         net (fo=11, routed)          0.611     5.850    zynq_PS_i/axi_smc/inst/sc_ul/inst/gen_axi_full_nxm.sasd_inst/m01_axi_wready
    SLICE_X14Y45         LUT4 (Prop_lut4_I0_O)        0.126     5.976 r  zynq_PS_i/axi_smc/inst/sc_ul/inst/gen_axi_full_nxm.sasd_inst/gen_write.w_done_i_3/O
                         net (fo=5, routed)           0.493     6.469    zynq_PS_i/axi_smc/inst/sc_ul/inst/gen_axi_full_nxm.sasd_inst/gen_write.w_done_i_3_n_0
    SLICE_X14Y46         LUT4 (Prop_lut4_I0_O)        0.275     6.744 r  zynq_PS_i/axi_smc/inst/sc_ul/inst/gen_axi_full_nxm.sasd_inst/gen_write.aw_addr[8]_i_3/O
                         net (fo=7, routed)           0.511     7.255    zynq_PS_i/axi_smc/inst/sc_ul/inst/gen_axi_full_nxm.sasd_inst/gen_write.aw_addr[8]_i_3_n_0
    SLICE_X10Y46         LUT5 (Prop_lut5_I1_O)        0.105     7.360 r  zynq_PS_i/axi_smc/inst/sc_ul/inst/gen_axi_full_nxm.sasd_inst/gen_write.aw_addr[8]_i_1/O
                         net (fo=12, routed)          1.070     8.430    zynq_PS_i/axi_smc/inst/sc_ul/inst/gen_axi_full_nxm.sasd_inst/gen_write.aw_addr[8]_i_1_n_0
    SLICE_X3Y42          FDRE                                         r  zynq_PS_i/axi_smc/inst/sc_ul/inst/gen_axi_full_nxm.sasd_inst/gen_write.aw_addr_reg[4]/CE
  -------------------------------------------------------------------    -------------------

                         (clock clk_fpga_0 rise edge)
                                                     20.000    20.000 r  <hidden>
    PS7_X0Y0             PS7                          0.000    20.000 r  zynq_PS_i/processing_system7_0/inst/PS7_i/FCLKCLK[0]
                         net (fo=1, routed)           0.915    20.916    zynq_PS_i/processing_system7_0/inst/FCLK_CLK_unbuffered[0]
    BUFGCTRL_X0Y0        BUFG (Prop_bufg_I_O)         0.077    20.993 r  zynq_PS_i/processing_system7_0/inst/buffer_fclk_clk_0.FCLK_CLK_0_BUFG/O
                         net (fo=802, routed)         1.303    22.295    zynq_PS_i/axi_smc/inst/sc_ul/inst/gen_axi_full_nxm.sasd_inst/aclk
    SLICE_X3Y42          FDRE                                         r  zynq_PS_i/axi_smc/inst/sc_ul/inst/gen_axi_full_nxm.sasd_inst/gen_write.aw_addr_reg[4]/C
                         clock pessimism              0.197    22.492    <hidden>
                         clock uncertainty           -0.302    22.190    <hidden>
    SLICE_X3Y42          FDRE (Setup_fdre_C_CE)      -0.168    22.022    zynq_PS_i/axi_smc/inst/sc_ul/inst/gen_axi_full_nxm.sasd_inst/gen_write.aw_addr_reg[4]
  -------------------------------------------------------------------
                         required time                         22.022    <hidden>
                         arrival time                          -8.430    <hidden>
  -------------------------------------------------------------------
                         slack                                 13.592    <hidden>

Slack (MET) :             13.592ns  (required time - arrival time)
  Source:                 zynq_PS_i/axi_timer_0/U0/AXI4_LITE_I/I_SLAVE_ATTACHMENT/I_DECODER/GEN_BKEND_CE_REGISTERS[1].ce_out_i_reg[1]/C
                            (rising edge-triggered cell FDRE clocked by clk_fpga_0  {rise@0.000ns fall@10.000ns period=20.000ns})
  Destination:            zynq_PS_i/axi_smc/inst/sc_ul/inst/gen_axi_full_nxm.sasd_inst/gen_write.aw_addr_reg[8]/CE
                            (rising edge-triggered cell FDRE clocked by clk_fpga_0  {rise@0.000ns fall@10.000ns period=20.000ns})
  Path Group:             clk_fpga_0
  Path Type:              Setup (Max at Slow Process Corner)
  Requirement:            20.000ns  (clk_fpga_0 rise@20.000ns - clk_fpga_0 rise@0.000ns)
  Data Path Delay:        5.922ns  (logic 1.273ns (21.495%)  route 4.649ns (78.505%))
  Logic Levels:           5  (LUT2=1 LUT4=2 LUT5=1 LUT6=1)
  Clock Path Skew:        -0.016ns (DCD - SCD + CPR)
    Destination Clock Delay (DCD):    2.295ns = ( 22.295 - 20.000 ) 
    Source Clock Delay      (SCD):    2.508ns
    Clock Pessimism Removal (CPR):    0.197ns
  Clock Uncertainty:      0.302ns  ((TSJ^2 + TIJ^2)^1/2 + DJ) / 2 + PE
    Total System Jitter     (TSJ):    0.071ns
    Total Input Jitter      (TIJ):    0.600ns
    Discrete Jitter          (DJ):    0.000ns
    Phase Error              (PE):    0.000ns

    Location             Delay type                Incr(ns)  Path(ns)    Netlist Resource(s)
  -------------------------------------------------------------------    -------------------
                         (clock clk_fpga_0 rise edge)
                                                      0.000     0.000 r  <hidden>
    PS7_X0Y0             PS7                          0.000     0.000 r  zynq_PS_i/processing_system7_0/inst/PS7_i/FCLKCLK[0]
                         net (fo=1, routed)           1.008     1.008    zynq_PS_i/processing_system7_0/inst/FCLK_CLK_unbuffered[0]
    BUFGCTRL_X0Y0        BUFG (Prop_bufg_I_O)         0.085     1.093 r  zynq_PS_i/processing_system7_0/inst/buffer_fclk_clk_0.FCLK_CLK_0_BUFG/O
                         net (fo=802, routed)         1.415     2.508    zynq_PS_i/axi_timer_0/U0/AXI4_LITE_I/I_SLAVE_ATTACHMENT/I_DECODER/s_axi_aclk
    SLICE_X14Y44         FDRE                                         r  zynq_PS_i/axi_timer_0/U0/AXI4_LITE_I/I_SLAVE_ATTACHMENT/I_DECODER/GEN_BKEND_CE_REGISTERS[1].ce_out_i_reg[1]/C
  -------------------------------------------------------------------    -------------------
    SLICE_X14Y44         FDRE (Prop_fdre_C_Q)         0.379     2.887 r  zynq_PS_i/axi_timer_0/U0/AXI4_LITE_I/I_SLAVE_ATTACHMENT/I_DECODER/GEN_BKEND_CE_REGISTERS[1].ce_out_i_reg[1]/Q
                         net (fo=58, routed)          1.093     3.980    zynq_PS_i/axi_timer_0/U0/AXI4_LITE_I/I_SLAVE_ATTACHMENT/I_DECODER/GEN_BKEND_CE_REGISTERS[1].ce_out_i_reg[1]_0
    SLICE_X11Y43         LUT2 (Prop_lut2_I0_O)        0.114     4.094 r  zynq_PS_i/axi_timer_0/U0/AXI4_LITE_I/I_SLAVE_ATTACHMENT/I_DECODER/s_axi_wready_INST_0_i_4/O
                         net (fo=1, routed)           0.872     4.966    zynq_PS_i/axi_timer_0/U0/AXI4_LITE_I/I_SLAVE_ATTACHMENT/I_DECODER/s_axi_wready_INST_0_i_4_n_0
    SLICE_X14Y43         LUT6 (Prop_lut6_I4_O)        0.274     5.240 r  zynq_PS_i/axi_timer_0/U0/AXI4_LITE_I/I_SLAVE_ATTACHMENT/I_DECODER/s_axi_wready_INST_0/O
                         net (fo=11, routed)          0.611     5.850    zynq_PS_i/axi_smc/inst/sc_ul/inst/gen_axi_full_nxm.sasd_inst/m01_axi_wready
    SLICE_X14Y45         LUT4 (Prop_lut4_I0_O)        0.126     5.976 r  zynq_PS_i/axi_smc/inst/sc_ul/inst/gen_axi_full_nxm.sasd_inst/gen_write.w_done_i_3/O
                         net (fo=5, routed)           0.493     6.469    zynq_PS_i/axi_smc/inst/sc_ul/inst/gen_axi_full_nxm.sasd_inst/gen_write.w_done_i_3_n_0
    SLICE_X14Y46         LUT4 (Prop_lut4_I0_O)        0.275     6.744 r  zynq_PS_i/axi_smc/inst/sc_ul/inst/gen_axi_full_nxm.sasd_inst/gen_write.aw_addr[8]_i_3/O
                         net (fo=7, routed)           0.511     7.255    zynq_PS_i/axi_smc/inst/sc_ul/inst/gen_axi_full_nxm.sasd_inst/gen_write.aw_addr[8]_i_3_n_0
    SLICE_X10Y46         LUT5 (Prop_lut5_I1_O)        0.105     7.360 r  zynq_PS_i/axi_smc/inst/sc_ul/inst/gen_axi_full_nxm.sasd_inst/gen_write.aw_addr[8]_i_1/O
                         net (fo=12, routed)          1.070     8.430    zynq_PS_i/axi_smc/inst/sc_ul/inst/gen_axi_full_nxm.sasd_inst/gen_write.aw_addr[8]_i_1_n_0
    SLICE_X3Y42          FDRE                                         r  zynq_PS_i/axi_smc/inst/sc_ul/inst/gen_axi_full_nxm.sasd_inst/gen_write.aw_addr_reg[8]/CE
  -------------------------------------------------------------------    -------------------

                         (clock clk_fpga_0 rise edge)
                                                     20.000    20.000 r  <hidden>
    PS7_X0Y0             PS7                          0.000    20.000 r  zynq_PS_i/processing_system7_0/inst/PS7_i/FCLKCLK[0]
                         net (fo=1, routed)           0.915    20.916    zynq_PS_i/processing_system7_0/inst/FCLK_CLK_unbuffered[0]
    BUFGCTRL_X0Y0        BUFG (Prop_bufg_I_O)         0.077    20.993 r  zynq_PS_i/processing_system7_0/inst/buffer_fclk_clk_0.FCLK_CLK_0_BUFG/O
                         net (fo=802, routed)         1.303    22.295    zynq_PS_i/axi_smc/inst/sc_ul/inst/gen_axi_full_nxm.sasd_inst/aclk
    SLICE_X3Y42          FDRE                                         r  zynq_PS_i/axi_smc/inst/sc_ul/inst/gen_axi_full_nxm.sasd_inst/gen_write.aw_addr_reg[8]/C
                         clock pessimism              0.197    22.492    <hidden>
                         clock uncertainty           -0.302    22.190    <hidden>
    SLICE_X3Y42          FDRE (Setup_fdre_C_CE)      -0.168    22.022    zynq_PS_i/axi_smc/inst/sc_ul/inst/gen_axi_full_nxm.sasd_inst/gen_write.aw_addr_reg[8]
  -------------------------------------------------------------------
                         required time                         22.022    <hidden>
                         arrival time                          -8.430    <hidden>
  -------------------------------------------------------------------
                         slack                                 13.592    <hidden>

Slack (MET) :             13.638ns  (required time - arrival time)
  Source:                 zynq_PS_i/axi_timer_0/U0/AXI4_LITE_I/I_SLAVE_ATTACHMENT/I_DECODER/GEN_BKEND_CE_REGISTERS[1].ce_out_i_reg[1]/C
                            (rising edge-triggered cell FDRE clocked by clk_fpga_0  {rise@0.000ns fall@10.000ns period=20.000ns})
  Destination:            zynq_PS_i/axi_smc/inst/sc_ul/inst/gen_axi_full_nxm.sasd_inst/gen_write.last_w_split_reg/CE
                            (rising edge-triggered cell FDRE clocked by clk_fpga_0  {rise@0.000ns fall@10.000ns period=20.000ns})
  Path Group:             clk_fpga_0
  Path Type:              Setup (Max at Slow Process Corner)
  Requirement:            20.000ns  (clk_fpga_0 rise@20.000ns - clk_fpga_0 rise@0.000ns)
  Data Path Delay:        5.876ns  (logic 1.456ns (24.779%)  route 4.420ns (75.221%))
  Logic Levels:           5  (LUT2=1 LUT4=1 LUT5=1 LUT6=2)
  Clock Path Skew:        -0.016ns (DCD - SCD + CPR)
    Destination Clock Delay (DCD):    2.295ns = ( 22.295 - 20.000 ) 
    Source Clock Delay      (SCD):    2.508ns
    Clock Pessimism Removal (CPR):    0.197ns
  Clock Uncertainty:      0.302ns  ((TSJ^2 + TIJ^2)^1/2 + DJ) / 2 + PE
    Total System Jitter     (TSJ):    0.071ns
    Total Input Jitter      (TIJ):    0.600ns
    Discrete Jitter          (DJ):    0.000ns
    Phase Error              (PE):    0.000ns

    Location             Delay type                Incr(ns)  Path(ns)    Netlist Resource(s)
  -------------------------------------------------------------------    -------------------
                         (clock clk_fpga_0 rise edge)
                                                      0.000     0.000 r  <hidden>
    PS7_X0Y0             PS7                          0.000     0.000 r  zynq_PS_i/processing_system7_0/inst/PS7_i/FCLKCLK[0]
                         net (fo=1, routed)           1.008     1.008    zynq_PS_i/processing_system7_0/inst/FCLK_CLK_unbuffered[0]
    BUFGCTRL_X0Y0        BUFG (Prop_bufg_I_O)         0.085     1.093 r  zynq_PS_i/processing_system7_0/inst/buffer_fclk_clk_0.FCLK_CLK_0_BUFG/O
                         net (fo=802, routed)         1.415     2.508    zynq_PS_i/axi_timer_0/U0/AXI4_LITE_I/I_SLAVE_ATTACHMENT/I_DECODER/s_axi_aclk
    SLICE_X14Y44         FDRE                                         r  zynq_PS_i/axi_timer_0/U0/AXI4_LITE_I/I_SLAVE_ATTACHMENT/I_DECODER/GEN_BKEND_CE_REGISTERS[1].ce_out_i_reg[1]/C
  -------------------------------------------------------------------    -------------------
    SLICE_X14Y44         FDRE (Prop_fdre_C_Q)         0.379     2.887 r  zynq_PS_i/axi_timer_0/U0/AXI4_LITE_I/I_SLAVE_ATTACHMENT/I_DECODER/GEN_BKEND_CE_REGISTERS[1].ce_out_i_reg[1]/Q
                         net (fo=58, routed)          1.093     3.980    zynq_PS_i/axi_timer_0/U0/AXI4_LITE_I/I_SLAVE_ATTACHMENT/I_DECODER/GEN_BKEND_CE_REGISTERS[1].ce_out_i_reg[1]_0
    SLICE_X11Y43         LUT2 (Prop_lut2_I0_O)        0.114     4.094 r  zynq_PS_i/axi_timer_0/U0/AXI4_LITE_I/I_SLAVE_ATTACHMENT/I_DECODER/s_axi_wready_INST_0_i_4/O
                         net (fo=1, routed)           0.872     4.966    zynq_PS_i/axi_timer_0/U0/AXI4_LITE_I/I_SLAVE_ATTACHMENT/I_DECODER/s_axi_wready_INST_0_i_4_n_0
    SLICE_X14Y43         LUT6 (Prop_lut6_I4_O)        0.274     5.240 r  zynq_PS_i/axi_timer_0/U0/AXI4_LITE_I/I_SLAVE_ATTACHMENT/I_DECODER/s_axi_wready_INST_0/O
                         net (fo=11, routed)          0.611     5.850    zynq_PS_i/axi_smc/inst/sc_ul/inst/gen_axi_full_nxm.sasd_inst/m01_axi_wready
    SLICE_X14Y45         LUT4 (Prop_lut4_I0_O)        0.126     5.976 r  zynq_PS_i/axi_smc/inst/sc_ul/inst/gen_axi_full_nxm.sasd_inst/gen_write.w_done_i_3/O
                         net (fo=5, routed)           0.493     6.469    zynq_PS_i/axi_smc/inst/sc_ul/inst/gen_axi_full_nxm.sasd_inst/gen_write.w_done_i_3_n_0
    SLICE_X14Y46         LUT5 (Prop_lut5_I4_O)        0.296     6.765 r  zynq_PS_i/axi_smc/inst/sc_ul/inst/gen_axi_full_nxm.sasd_inst/gen_write.w_split[4]_i_3/O
                         net (fo=3, routed)           0.965     7.730    zynq_PS_i/axi_smc/inst/sc_ul/inst/gen_axi_full_nxm.sasd_inst/gen_write.w_split[4]_i_3_n_0
    SLICE_X4Y48          LUT6 (Prop_lut6_I0_O)        0.267     7.997 r  zynq_PS_i/axi_smc/inst/sc_ul/inst/gen_axi_full_nxm.sasd_inst/gen_write.w_split[4]_i_1/O
                         net (fo=6, routed)           0.387     8.384    zynq_PS_i/axi_smc/inst/sc_ul/inst/gen_axi_full_nxm.sasd_inst/gen_write.w_split[4]_i_1_n_0
    SLICE_X3Y48          FDRE                                         r  zynq_PS_i/axi_smc/inst/sc_ul/inst/gen_axi_full_nxm.sasd_inst/gen_write.last_w_split_reg/CE
  -------------------------------------------------------------------    -------------------

                         (clock clk_fpga_0 rise edge)
                                                     20.000    20.000 r  <hidden>
    PS7_X0Y0             PS7                          0.000    20.000 r  zynq_PS_i/processing_system7_0/inst/PS7_i/FCLKCLK[0]
                         net (fo=1, routed)           0.915    20.916    zynq_PS_i/processing_system7_0/inst/FCLK_CLK_unbuffered[0]
    BUFGCTRL_X0Y0        BUFG (Prop_bufg_I_O)         0.077    20.993 r  zynq_PS_i/processing_system7_0/inst/buffer_fclk_clk_0.FCLK_CLK_0_BUFG/O
                         net (fo=802, routed)         1.303    22.295    zynq_PS_i/axi_smc/inst/sc_ul/inst/gen_axi_full_nxm.sasd_inst/aclk
    SLICE_X3Y48          FDRE                                         r  zynq_PS_i/axi_smc/inst/sc_ul/inst/gen_axi_full_nxm.sasd_inst/gen_write.last_w_split_reg/C
                         clock pessimism              0.197    22.492    <hidden>
                         clock uncertainty           -0.302    22.190    <hidden>
    SLICE_X3Y48          FDRE (Setup_fdre_C_CE)      -0.168    22.022    zynq_PS_i/axi_smc/inst/sc_ul/inst/gen_axi_full_nxm.sasd_inst/gen_write.last_w_split_reg
  -------------------------------------------------------------------
                         required time                         22.022    <hidden>
                         arrival time                          -8.384    <hidden>
  -------------------------------------------------------------------
                         slack                                 13.638    <hidden>

Slack (MET) :             13.638ns  (required time - arrival time)
  Source:                 zynq_PS_i/axi_timer_0/U0/AXI4_LITE_I/I_SLAVE_ATTACHMENT/I_DECODER/GEN_BKEND_CE_REGISTERS[1].ce_out_i_reg[1]/C
                            (rising edge-triggered cell FDRE clocked by clk_fpga_0  {rise@0.000ns fall@10.000ns period=20.000ns})
  Destination:            zynq_PS_i/axi_smc/inst/sc_ul/inst/gen_axi_full_nxm.sasd_inst/gen_write.w_split_reg[1]/CE
                            (rising edge-triggered cell FDRE clocked by clk_fpga_0  {rise@0.000ns fall@10.000ns period=20.000ns})
  Path Group:             clk_fpga_0
  Path Type:              Setup (Max at Slow Process Corner)
  Requirement:            20.000ns  (clk_fpga_0 rise@20.000ns - clk_fpga_0 rise@0.000ns)
  Data Path Delay:        5.876ns  (logic 1.456ns (24.779%)  route 4.420ns (75.221%))
  Logic Levels:           5  (LUT2=1 LUT4=1 LUT5=1 LUT6=2)
  Clock Path Skew:        -0.016ns (DCD - SCD + CPR)
    Destination Clock Delay (DCD):    2.295ns = ( 22.295 - 20.000 ) 
    Source Clock Delay      (SCD):    2.508ns
    Clock Pessimism Removal (CPR):    0.197ns
  Clock Uncertainty:      0.302ns  ((TSJ^2 + TIJ^2)^1/2 + DJ) / 2 + PE
    Total System Jitter     (TSJ):    0.071ns
    Total Input Jitter      (TIJ):    0.600ns
    Discrete Jitter          (DJ):    0.000ns
    Phase Error              (PE):    0.000ns

    Location             Delay type                Incr(ns)  Path(ns)    Netlist Resource(s)
  -------------------------------------------------------------------    -------------------
                         (clock clk_fpga_0 rise edge)
                                                      0.000     0.000 r  <hidden>
    PS7_X0Y0             PS7                          0.000     0.000 r  zynq_PS_i/processing_system7_0/inst/PS7_i/FCLKCLK[0]
                         net (fo=1, routed)           1.008     1.008    zynq_PS_i/processing_system7_0/inst/FCLK_CLK_unbuffered[0]
    BUFGCTRL_X0Y0        BUFG (Prop_bufg_I_O)         0.085     1.093 r  zynq_PS_i/processing_system7_0/inst/buffer_fclk_clk_0.FCLK_CLK_0_BUFG/O
                         net (fo=802, routed)         1.415     2.508    zynq_PS_i/axi_timer_0/U0/AXI4_LITE_I/I_SLAVE_ATTACHMENT/I_DECODER/s_axi_aclk
    SLICE_X14Y44         FDRE                                         r  zynq_PS_i/axi_timer_0/U0/AXI4_LITE_I/I_SLAVE_ATTACHMENT/I_DECODER/GEN_BKEND_CE_REGISTERS[1].ce_out_i_reg[1]/C
  -------------------------------------------------------------------    -------------------
    SLICE_X14Y44         FDRE (Prop_fdre_C_Q)         0.379     2.887 r  zynq_PS_i/axi_timer_0/U0/AXI4_LITE_I/I_SLAVE_ATTACHMENT/I_DECODER/GEN_BKEND_CE_REGISTERS[1].ce_out_i_reg[1]/Q
                         net (fo=58, routed)          1.093     3.980    zynq_PS_i/axi_timer_0/U0/AXI4_LITE_I/I_SLAVE_ATTACHMENT/I_DECODER/GEN_BKEND_CE_REGISTERS[1].ce_out_i_reg[1]_0
    SLICE_X11Y43         LUT2 (Prop_lut2_I0_O)        0.114     4.094 r  zynq_PS_i/axi_timer_0/U0/AXI4_LITE_I/I_SLAVE_ATTACHMENT/I_DECODER/s_axi_wready_INST_0_i_4/O
                         net (fo=1, routed)           0.872     4.966    zynq_PS_i/axi_timer_0/U0/AXI4_LITE_I/I_SLAVE_ATTACHMENT/I_DECODER/s_axi_wready_INST_0_i_4_n_0
    SLICE_X14Y43         LUT6 (Prop_lut6_I4_O)        0.274     5.240 r  zynq_PS_i/axi_timer_0/U0/AXI4_LITE_I/I_SLAVE_ATTACHMENT/I_DECODER/s_axi_wready_INST_0/O
                         net (fo=11, routed)          0.611     5.850    zynq_PS_i/axi_smc/inst/sc_ul/inst/gen_axi_full_nxm.sasd_inst/m01_axi_wready
    SLICE_X14Y45         LUT4 (Prop_lut4_I0_O)        0.126     5.976 r  zynq_PS_i/axi_smc/inst/sc_ul/inst/gen_axi_full_nxm.sasd_inst/gen_write.w_done_i_3/O
                         net (fo=5, routed)           0.493     6.469    zynq_PS_i/axi_smc/inst/sc_ul/inst/gen_axi_full_nxm.sasd_inst/gen_write.w_done_i_3_n_0
    SLICE_X14Y46         LUT5 (Prop_lut5_I4_O)        0.296     6.765 r  zynq_PS_i/axi_smc/inst/sc_ul/inst/gen_axi_full_nxm.sasd_inst/gen_write.w_split[4]_i_3/O
                         net (fo=3, routed)           0.965     7.730    zynq_PS_i/axi_smc/inst/sc_ul/inst/gen_axi_full_nxm.sasd_inst/gen_write.w_split[4]_i_3_n_0
    SLICE_X4Y48          LUT6 (Prop_lut6_I0_O)        0.267     7.997 r  zynq_PS_i/axi_smc/inst/sc_ul/inst/gen_axi_full_nxm.sasd_inst/gen_write.w_split[4]_i_1/O
                         net (fo=6, routed)           0.387     8.384    zynq_PS_i/axi_smc/inst/sc_ul/inst/gen_axi_full_nxm.sasd_inst/gen_write.w_split[4]_i_1_n_0
    SLICE_X3Y48          FDRE                                         r  zynq_PS_i/axi_smc/inst/sc_ul/inst/gen_axi_full_nxm.sasd_inst/gen_write.w_split_reg[1]/CE
  -------------------------------------------------------------------    -------------------

                         (clock clk_fpga_0 rise edge)
                                                     20.000    20.000 r  <hidden>
    PS7_X0Y0             PS7                          0.000    20.000 r  zynq_PS_i/processing_system7_0/inst/PS7_i/FCLKCLK[0]
                         net (fo=1, routed)           0.915    20.916    zynq_PS_i/processing_system7_0/inst/FCLK_CLK_unbuffered[0]
    BUFGCTRL_X0Y0        BUFG (Prop_bufg_I_O)         0.077    20.993 r  zynq_PS_i/processing_system7_0/inst/buffer_fclk_clk_0.FCLK_CLK_0_BUFG/O
                         net (fo=802, routed)         1.303    22.295    zynq_PS_i/axi_smc/inst/sc_ul/inst/gen_axi_full_nxm.sasd_inst/aclk
    SLICE_X3Y48          FDRE                                         r  zynq_PS_i/axi_smc/inst/sc_ul/inst/gen_axi_full_nxm.sasd_inst/gen_write.w_split_reg[1]/C
                         clock pessimism              0.197    22.492    <hidden>
                         clock uncertainty           -0.302    22.190    <hidden>
    SLICE_X3Y48          FDRE (Setup_fdre_C_CE)      -0.168    22.022    zynq_PS_i/axi_smc/inst/sc_ul/inst/gen_axi_full_nxm.sasd_inst/gen_write.w_split_reg[1]
  -------------------------------------------------------------------
                         required time                         22.022    <hidden>
                         arrival time                          -8.384    <hidden>
  -------------------------------------------------------------------
                         slack                                 13.638    <hidden>

Slack (MET) :             13.638ns  (required time - arrival time)
  Source:                 zynq_PS_i/axi_timer_0/U0/AXI4_LITE_I/I_SLAVE_ATTACHMENT/I_DECODER/GEN_BKEND_CE_REGISTERS[1].ce_out_i_reg[1]/C
                            (rising edge-triggered cell FDRE clocked by clk_fpga_0  {rise@0.000ns fall@10.000ns period=20.000ns})
  Destination:            zynq_PS_i/axi_smc/inst/sc_ul/inst/gen_axi_full_nxm.sasd_inst/gen_write.w_split_reg[4]/CE
                            (rising edge-triggered cell FDRE clocked by clk_fpga_0  {rise@0.000ns fall@10.000ns period=20.000ns})
  Path Group:             clk_fpga_0
  Path Type:              Setup (Max at Slow Process Corner)
  Requirement:            20.000ns  (clk_fpga_0 rise@20.000ns - clk_fpga_0 rise@0.000ns)
  Data Path Delay:        5.876ns  (logic 1.456ns (24.779%)  route 4.420ns (75.221%))
  Logic Levels:           5  (LUT2=1 LUT4=1 LUT5=1 LUT6=2)
  Clock Path Skew:        -0.016ns (DCD - SCD + CPR)
    Destination Clock Delay (DCD):    2.295ns = ( 22.295 - 20.000 ) 
    Source Clock Delay      (SCD):    2.508ns
    Clock Pessimism Removal (CPR):    0.197ns
  Clock Uncertainty:      0.302ns  ((TSJ^2 + TIJ^2)^1/2 + DJ) / 2 + PE
    Total System Jitter     (TSJ):    0.071ns
    Total Input Jitter      (TIJ):    0.600ns
    Discrete Jitter          (DJ):    0.000ns
    Phase Error              (PE):    0.000ns

    Location             Delay type                Incr(ns)  Path(ns)    Netlist Resource(s)
  -------------------------------------------------------------------    -------------------
                         (clock clk_fpga_0 rise edge)
                                                      0.000     0.000 r  <hidden>
    PS7_X0Y0             PS7                          0.000     0.000 r  zynq_PS_i/processing_system7_0/inst/PS7_i/FCLKCLK[0]
                         net (fo=1, routed)           1.008     1.008    zynq_PS_i/processing_system7_0/inst/FCLK_CLK_unbuffered[0]
    BUFGCTRL_X0Y0        BUFG (Prop_bufg_I_O)         0.085     1.093 r  zynq_PS_i/processing_system7_0/inst/buffer_fclk_clk_0.FCLK_CLK_0_BUFG/O
                         net (fo=802, routed)         1.415     2.508    zynq_PS_i/axi_timer_0/U0/AXI4_LITE_I/I_SLAVE_ATTACHMENT/I_DECODER/s_axi_aclk
    SLICE_X14Y44         FDRE                                         r  zynq_PS_i/axi_timer_0/U0/AXI4_LITE_I/I_SLAVE_ATTACHMENT/I_DECODER/GEN_BKEND_CE_REGISTERS[1].ce_out_i_reg[1]/C
  -------------------------------------------------------------------    -------------------
    SLICE_X14Y44         FDRE (Prop_fdre_C_Q)         0.379     2.887 r  zynq_PS_i/axi_timer_0/U0/AXI4_LITE_I/I_SLAVE_ATTACHMENT/I_DECODER/GEN_BKEND_CE_REGISTERS[1].ce_out_i_reg[1]/Q
                         net (fo=58, routed)          1.093     3.980    zynq_PS_i/axi_timer_0/U0/AXI4_LITE_I/I_SLAVE_ATTACHMENT/I_DECODER/GEN_BKEND_CE_REGISTERS[1].ce_out_i_reg[1]_0
    SLICE_X11Y43         LUT2 (Prop_lut2_I0_O)        0.114     4.094 r  zynq_PS_i/axi_timer_0/U0/AXI4_LITE_I/I_SLAVE_ATTACHMENT/I_DECODER/s_axi_wready_INST_0_i_4/O
                         net (fo=1, routed)           0.872     4.966    zynq_PS_i/axi_timer_0/U0/AXI4_LITE_I/I_SLAVE_ATTACHMENT/I_DECODER/s_axi_wready_INST_0_i_4_n_0
    SLICE_X14Y43         LUT6 (Prop_lut6_I4_O)        0.274     5.240 r  zynq_PS_i/axi_timer_0/U0/AXI4_LITE_I/I_SLAVE_ATTACHMENT/I_DECODER/s_axi_wready_INST_0/O
                         net (fo=11, routed)          0.611     5.850    zynq_PS_i/axi_smc/inst/sc_ul/inst/gen_axi_full_nxm.sasd_inst/m01_axi_wready
    SLICE_X14Y45         LUT4 (Prop_lut4_I0_O)        0.126     5.976 r  zynq_PS_i/axi_smc/inst/sc_ul/inst/gen_axi_full_nxm.sasd_inst/gen_write.w_done_i_3/O
                         net (fo=5, routed)           0.493     6.469    zynq_PS_i/axi_smc/inst/sc_ul/inst/gen_axi_full_nxm.sasd_inst/gen_write.w_done_i_3_n_0
    SLICE_X14Y46         LUT5 (Prop_lut5_I4_O)        0.296     6.765 r  zynq_PS_i/axi_smc/inst/sc_ul/inst/gen_axi_full_nxm.sasd_inst/gen_write.w_split[4]_i_3/O
                         net (fo=3, routed)           0.965     7.730    zynq_PS_i/axi_smc/inst/sc_ul/inst/gen_axi_full_nxm.sasd_inst/gen_write.w_split[4]_i_3_n_0
    SLICE_X4Y48          LUT6 (Prop_lut6_I0_O)        0.267     7.997 r  zynq_PS_i/axi_smc/inst/sc_ul/inst/gen_axi_full_nxm.sasd_inst/gen_write.w_split[4]_i_1/O
                         net (fo=6, routed)           0.387     8.384    zynq_PS_i/axi_smc/inst/sc_ul/inst/gen_axi_full_nxm.sasd_inst/gen_write.w_split[4]_i_1_n_0
    SLICE_X3Y48          FDRE                                         r  zynq_PS_i/axi_smc/inst/sc_ul/inst/gen_axi_full_nxm.sasd_inst/gen_write.w_split_reg[4]/CE
  -------------------------------------------------------------------    -------------------

                         (clock clk_fpga_0 rise edge)
                                                     20.000    20.000 r  <hidden>
    PS7_X0Y0             PS7                          0.000    20.000 r  zynq_PS_i/processing_system7_0/inst/PS7_i/FCLKCLK[0]
                         net (fo=1, routed)           0.915    20.916    zynq_PS_i/processing_system7_0/inst/FCLK_CLK_unbuffered[0]
    BUFGCTRL_X0Y0        BUFG (Prop_bufg_I_O)         0.077    20.993 r  zynq_PS_i/processing_system7_0/inst/buffer_fclk_clk_0.FCLK_CLK_0_BUFG/O
                         net (fo=802, routed)         1.303    22.295    zynq_PS_i/axi_smc/inst/sc_ul/inst/gen_axi_full_nxm.sasd_inst/aclk
    SLICE_X3Y48          FDRE                                         r  zynq_PS_i/axi_smc/inst/sc_ul/inst/gen_axi_full_nxm.sasd_inst/gen_write.w_split_reg[4]/C
                         clock pessimism              0.197    22.492    <hidden>
                         clock uncertainty           -0.302    22.190    <hidden>
    SLICE_X3Y48          FDRE (Setup_fdre_C_CE)      -0.168    22.022    zynq_PS_i/axi_smc/inst/sc_ul/inst/gen_axi_full_nxm.sasd_inst/gen_write.w_split_reg[4]
  -------------------------------------------------------------------
                         required time                         22.022    <hidden>
                         arrival time                          -8.384    <hidden>
  -------------------------------------------------------------------
                         slack                                 13.638    <hidden>

Slack (MET) :             13.650ns  (required time - arrival time)
  Source:                 zynq_PS_i/axi_timer_0/U0/AXI4_LITE_I/I_SLAVE_ATTACHMENT/I_DECODER/GEN_BKEND_CE_REGISTERS[1].ce_out_i_reg[1]/C
                            (rising edge-triggered cell FDRE clocked by clk_fpga_0  {rise@0.000ns fall@10.000ns period=20.000ns})
  Destination:            zynq_PS_i/axi_smc/inst/sc_ul/inst/gen_axi_full_nxm.sasd_inst/gen_write.w_split_reg[2]/CE
                            (rising edge-triggered cell FDRE clocked by clk_fpga_0  {rise@0.000ns fall@10.000ns period=20.000ns})
  Path Group:             clk_fpga_0
  Path Type:              Setup (Max at Slow Process Corner)
  Requirement:            20.000ns  (clk_fpga_0 rise@20.000ns - clk_fpga_0 rise@0.000ns)
  Data Path Delay:        5.864ns  (logic 1.456ns (24.831%)  route 4.408ns (75.169%))
  Logic Levels:           5  (LUT2=1 LUT4=1 LUT5=1 LUT6=2)
  Clock Path Skew:        -0.016ns (DCD - SCD + CPR)
    Destination Clock Delay (DCD):    2.295ns = ( 22.295 - 20.000 ) 
    Source Clock Delay      (SCD):    2.508ns
    Clock Pessimism Removal (CPR):    0.197ns
  Clock Uncertainty:      0.302ns  ((TSJ^2 + TIJ^2)^1/2 + DJ) / 2 + PE
    Total System Jitter     (TSJ):    0.071ns
    Total Input Jitter      (TIJ):    0.600ns
    Discrete Jitter          (DJ):    0.000ns
    Phase Error              (PE):    0.000ns

    Location             Delay type                Incr(ns)  Path(ns)    Netlist Resource(s)
  -------------------------------------------------------------------    -------------------
                         (clock clk_fpga_0 rise edge)
                                                      0.000     0.000 r  <hidden>
    PS7_X0Y0             PS7                          0.000     0.000 r  zynq_PS_i/processing_system7_0/inst/PS7_i/FCLKCLK[0]
                         net (fo=1, routed)           1.008     1.008    zynq_PS_i/processing_system7_0/inst/FCLK_CLK_unbuffered[0]
    BUFGCTRL_X0Y0        BUFG (Prop_bufg_I_O)         0.085     1.093 r  zynq_PS_i/processing_system7_0/inst/buffer_fclk_clk_0.FCLK_CLK_0_BUFG/O
                         net (fo=802, routed)         1.415     2.508    zynq_PS_i/axi_timer_0/U0/AXI4_LITE_I/I_SLAVE_ATTACHMENT/I_DECODER/s_axi_aclk
    SLICE_X14Y44         FDRE                                         r  zynq_PS_i/axi_timer_0/U0/AXI4_LITE_I/I_SLAVE_ATTACHMENT/I_DECODER/GEN_BKEND_CE_REGISTERS[1].ce_out_i_reg[1]/C
  -------------------------------------------------------------------    -------------------
    SLICE_X14Y44         FDRE (Prop_fdre_C_Q)         0.379     2.887 r  zynq_PS_i/axi_timer_0/U0/AXI4_LITE_I/I_SLAVE_ATTACHMENT/I_DECODER/GEN_BKEND_CE_REGISTERS[1].ce_out_i_reg[1]/Q
                         net (fo=58, routed)          1.093     3.980    zynq_PS_i/axi_timer_0/U0/AXI4_LITE_I/I_SLAVE_ATTACHMENT/I_DECODER/GEN_BKEND_CE_REGISTERS[1].ce_out_i_reg[1]_0
    SLICE_X11Y43         LUT2 (Prop_lut2_I0_O)        0.114     4.094 r  zynq_PS_i/axi_timer_0/U0/AXI4_LITE_I/I_SLAVE_ATTACHMENT/I_DECODER/s_axi_wready_INST_0_i_4/O
                         net (fo=1, routed)           0.872     4.966    zynq_PS_i/axi_timer_0/U0/AXI4_LITE_I/I_SLAVE_ATTACHMENT/I_DECODER/s_axi_wready_INST_0_i_4_n_0
    SLICE_X14Y43         LUT6 (Prop_lut6_I4_O)        0.274     5.240 r  zynq_PS_i/axi_timer_0/U0/AXI4_LITE_I/I_SLAVE_ATTACHMENT/I_DECODER/s_axi_wready_INST_0/O
                         net (fo=11, routed)          0.611     5.850    zynq_PS_i/axi_smc/inst/sc_ul/inst/gen_axi_full_nxm.sasd_inst/m01_axi_wready
    SLICE_X14Y45         LUT4 (Prop_lut4_I0_O)        0.126     5.976 r  zynq_PS_i/axi_smc/inst/sc_ul/inst/gen_axi_full_nxm.sasd_inst/gen_write.w_done_i_3/O
                         net (fo=5, routed)           0.493     6.469    zynq_PS_i/axi_smc/inst/sc_ul/inst/gen_axi_full_nxm.sasd_inst/gen_write.w_done_i_3_n_0
    SLICE_X14Y46         LUT5 (Prop_lut5_I4_O)        0.296     6.765 r  zynq_PS_i/axi_smc/inst/sc_ul/inst/gen_axi_full_nxm.sasd_inst/gen_write.w_split[4]_i_3/O
                         net (fo=3, routed)           0.965     7.730    zynq_PS_i/axi_smc/inst/sc_ul/inst/gen_axi_full_nxm.sasd_inst/gen_write.w_split[4]_i_3_n_0
    SLICE_X4Y48          LUT6 (Prop_lut6_I0_O)        0.267     7.997 r  zynq_PS_i/axi_smc/inst/sc_ul/inst/gen_axi_full_nxm.sasd_inst/gen_write.w_split[4]_i_1/O
                         net (fo=6, routed)           0.374     8.372    zynq_PS_i/axi_smc/inst/sc_ul/inst/gen_axi_full_nxm.sasd_inst/gen_write.w_split[4]_i_1_n_0
    SLICE_X3Y49          FDRE                                         r  zynq_PS_i/axi_smc/inst/sc_ul/inst/gen_axi_full_nxm.sasd_inst/gen_write.w_split_reg[2]/CE
  -------------------------------------------------------------------    -------------------

                         (clock clk_fpga_0 rise edge)
                                                     20.000    20.000 r  <hidden>
    PS7_X0Y0             PS7                          0.000    20.000 r  zynq_PS_i/processing_system7_0/inst/PS7_i/FCLKCLK[0]
                         net (fo=1, routed)           0.915    20.916    zynq_PS_i/processing_system7_0/inst/FCLK_CLK_unbuffered[0]
    BUFGCTRL_X0Y0        BUFG (Prop_bufg_I_O)         0.077    20.993 r  zynq_PS_i/processing_system7_0/inst/buffer_fclk_clk_0.FCLK_CLK_0_BUFG/O
                         net (fo=802, routed)         1.303    22.295    zynq_PS_i/axi_smc/inst/sc_ul/inst/gen_axi_full_nxm.sasd_inst/aclk
    SLICE_X3Y49          FDRE                                         r  zynq_PS_i/axi_smc/inst/sc_ul/inst/gen_axi_full_nxm.sasd_inst/gen_write.w_split_reg[2]/C
                         clock pessimism              0.197    22.492    <hidden>
                         clock uncertainty           -0.302    22.190    <hidden>
    SLICE_X3Y49          FDRE (Setup_fdre_C_CE)      -0.168    22.022    zynq_PS_i/axi_smc/inst/sc_ul/inst/gen_axi_full_nxm.sasd_inst/gen_write.w_split_reg[2]
  -------------------------------------------------------------------
                         required time                         22.022    <hidden>
                         arrival time                          -8.372    <hidden>
  -------------------------------------------------------------------
                         slack                                 13.650    <hidden>

Slack (MET) :             13.650ns  (required time - arrival time)
  Source:                 zynq_PS_i/axi_timer_0/U0/AXI4_LITE_I/I_SLAVE_ATTACHMENT/I_DECODER/GEN_BKEND_CE_REGISTERS[1].ce_out_i_reg[1]/C
                            (rising edge-triggered cell FDRE clocked by clk_fpga_0  {rise@0.000ns fall@10.000ns period=20.000ns})
  Destination:            zynq_PS_i/axi_smc/inst/sc_ul/inst/gen_axi_full_nxm.sasd_inst/gen_write.w_split_reg[3]/CE
                            (rising edge-triggered cell FDRE clocked by clk_fpga_0  {rise@0.000ns fall@10.000ns period=20.000ns})
  Path Group:             clk_fpga_0
  Path Type:              Setup (Max at Slow Process Corner)
  Requirement:            20.000ns  (clk_fpga_0 rise@20.000ns - clk_fpga_0 rise@0.000ns)
  Data Path Delay:        5.864ns  (logic 1.456ns (24.831%)  route 4.408ns (75.169%))
  Logic Levels:           5  (LUT2=1 LUT4=1 LUT5=1 LUT6=2)
  Clock Path Skew:        -0.016ns (DCD - SCD + CPR)
    Destination Clock Delay (DCD):    2.295ns = ( 22.295 - 20.000 ) 
    Source Clock Delay      (SCD):    2.508ns
    Clock Pessimism Removal (CPR):    0.197ns
  Clock Uncertainty:      0.302ns  ((TSJ^2 + TIJ^2)^1/2 + DJ) / 2 + PE
    Total System Jitter     (TSJ):    0.071ns
    Total Input Jitter      (TIJ):    0.600ns
    Discrete Jitter          (DJ):    0.000ns
    Phase Error              (PE):    0.000ns

    Location             Delay type                Incr(ns)  Path(ns)    Netlist Resource(s)
  -------------------------------------------------------------------    -------------------
                         (clock clk_fpga_0 rise edge)
                                                      0.000     0.000 r  <hidden>
    PS7_X0Y0             PS7                          0.000     0.000 r  zynq_PS_i/processing_system7_0/inst/PS7_i/FCLKCLK[0]
                         net (fo=1, routed)           1.008     1.008    zynq_PS_i/processing_system7_0/inst/FCLK_CLK_unbuffered[0]
    BUFGCTRL_X0Y0        BUFG (Prop_bufg_I_O)         0.085     1.093 r  zynq_PS_i/processing_system7_0/inst/buffer_fclk_clk_0.FCLK_CLK_0_BUFG/O
                         net (fo=802, routed)         1.415     2.508    zynq_PS_i/axi_timer_0/U0/AXI4_LITE_I/I_SLAVE_ATTACHMENT/I_DECODER/s_axi_aclk
    SLICE_X14Y44         FDRE                                         r  zynq_PS_i/axi_timer_0/U0/AXI4_LITE_I/I_SLAVE_ATTACHMENT/I_DECODER/GEN_BKEND_CE_REGISTERS[1].ce_out_i_reg[1]/C
  -------------------------------------------------------------------    -------------------
    SLICE_X14Y44         FDRE (Prop_fdre_C_Q)         0.379     2.887 r  zynq_PS_i/axi_timer_0/U0/AXI4_LITE_I/I_SLAVE_ATTACHMENT/I_DECODER/GEN_BKEND_CE_REGISTERS[1].ce_out_i_reg[1]/Q
                         net (fo=58, routed)          1.093     3.980    zynq_PS_i/axi_timer_0/U0/AXI4_LITE_I/I_SLAVE_ATTACHMENT/I_DECODER/GEN_BKEND_CE_REGISTERS[1].ce_out_i_reg[1]_0
    SLICE_X11Y43         LUT2 (Prop_lut2_I0_O)        0.114     4.094 r  zynq_PS_i/axi_timer_0/U0/AXI4_LITE_I/I_SLAVE_ATTACHMENT/I_DECODER/s_axi_wready_INST_0_i_4/O
                         net (fo=1, routed)           0.872     4.966    zynq_PS_i/axi_timer_0/U0/AXI4_LITE_I/I_SLAVE_ATTACHMENT/I_DECODER/s_axi_wready_INST_0_i_4_n_0
    SLICE_X14Y43         LUT6 (Prop_lut6_I4_O)        0.274     5.240 r  zynq_PS_i/axi_timer_0/U0/AXI4_LITE_I/I_SLAVE_ATTACHMENT/I_DECODER/s_axi_wready_INST_0/O
                         net (fo=11, routed)          0.611     5.850    zynq_PS_i/axi_smc/inst/sc_ul/inst/gen_axi_full_nxm.sasd_inst/m01_axi_wready
    SLICE_X14Y45         LUT4 (Prop_lut4_I0_O)        0.126     5.976 r  zynq_PS_i/axi_smc/inst/sc_ul/inst/gen_axi_full_nxm.sasd_inst/gen_write.w_done_i_3/O
                         net (fo=5, routed)           0.493     6.469    zynq_PS_i/axi_smc/inst/sc_ul/inst/gen_axi_full_nxm.sasd_inst/gen_write.w_done_i_3_n_0
    SLICE_X14Y46         LUT5 (Prop_lut5_I4_O)        0.296     6.765 r  zynq_PS_i/axi_smc/inst/sc_ul/inst/gen_axi_full_nxm.sasd_inst/gen_write.w_split[4]_i_3/O
                         net (fo=3, routed)           0.965     7.730    zynq_PS_i/axi_smc/inst/sc_ul/inst/gen_axi_full_nxm.sasd_inst/gen_write.w_split[4]_i_3_n_0
    SLICE_X4Y48          LUT6 (Prop_lut6_I0_O)        0.267     7.997 r  zynq_PS_i/axi_smc/inst/sc_ul/inst/gen_axi_full_nxm.sasd_inst/gen_write.w_split[4]_i_1/O
                         net (fo=6, routed)           0.374     8.372    zynq_PS_i/axi_smc/inst/sc_ul/inst/gen_axi_full_nxm.sasd_inst/gen_write.w_split[4]_i_1_n_0
    SLICE_X3Y49          FDRE                                         r  zynq_PS_i/axi_smc/inst/sc_ul/inst/gen_axi_full_nxm.sasd_inst/gen_write.w_split_reg[3]/CE
  -------------------------------------------------------------------    -------------------

                         (clock clk_fpga_0 rise edge)
                                                     20.000    20.000 r  <hidden>
    PS7_X0Y0             PS7                          0.000    20.000 r  zynq_PS_i/processing_system7_0/inst/PS7_i/FCLKCLK[0]
                         net (fo=1, routed)           0.915    20.916    zynq_PS_i/processing_system7_0/inst/FCLK_CLK_unbuffered[0]
    BUFGCTRL_X0Y0        BUFG (Prop_bufg_I_O)         0.077    20.993 r  zynq_PS_i/processing_system7_0/inst/buffer_fclk_clk_0.FCLK_CLK_0_BUFG/O
                         net (fo=802, routed)         1.303    22.295    zynq_PS_i/axi_smc/inst/sc_ul/inst/gen_axi_full_nxm.sasd_inst/aclk
    SLICE_X3Y49          FDRE                                         r  zynq_PS_i/axi_smc/inst/sc_ul/inst/gen_axi_full_nxm.sasd_inst/gen_write.w_split_reg[3]/C
                         clock pessimism              0.197    22.492    <hidden>
                         clock uncertainty           -0.302    22.190    <hidden>
    SLICE_X3Y49          FDRE (Setup_fdre_C_CE)      -0.168    22.022    zynq_PS_i/axi_smc/inst/sc_ul/inst/gen_axi_full_nxm.sasd_inst/gen_write.w_split_reg[3]
  -------------------------------------------------------------------
                         required time                         22.022    <hidden>
                         arrival time                          -8.372    <hidden>
  -------------------------------------------------------------------
                         slack                                 13.650    <hidden>





Min Delay Paths
--------------------------------------------------------------------------------------
Slack (MET) :             0.103ns  (arrival time - required time)
  Source:                 zynq_PS_i/axi_timer_0/U0/AXI4_LITE_I/I_SLAVE_ATTACHMENT/s_axi_rdata_i_reg[4]/C
                            (rising edge-triggered cell FDRE clocked by clk_fpga_0  {rise@0.000ns fall@10.000ns period=20.000ns})
  Destination:            zynq_PS_i/axi_smc/inst/sc_ul/inst/gen_axi_full_nxm.sasd_inst/gen_read.rdata_mux/dout_i1_reg[4]/D
                            (rising edge-triggered cell FDRE clocked by clk_fpga_0  {rise@0.000ns fall@10.000ns period=20.000ns})
  Path Group:             clk_fpga_0
  Path Type:              Hold (Min at Fast Process Corner)
  Requirement:            0.000ns  (clk_fpga_0 rise@0.000ns - clk_fpga_0 rise@0.000ns)
  Data Path Delay:        0.237ns  (logic 0.186ns (78.333%)  route 0.051ns (21.667%))
  Logic Levels:           1  (LUT4=1)
  Clock Path Skew:        0.013ns (DCD - SCD - CPR)
    Destination Clock Delay (DCD):    1.203ns
    Source Clock Delay      (SCD):    0.906ns
    Clock Pessimism Removal (CPR):    0.284ns

    Location             Delay type                Incr(ns)  Path(ns)    Netlist Resource(s)
  -------------------------------------------------------------------    -------------------
                         (clock clk_fpga_0 rise edge)
                                                      0.000     0.000 r  <hidden>
    PS7_X0Y0             PS7                          0.000     0.000 r  zynq_PS_i/processing_system7_0/inst/PS7_i/FCLKCLK[0]
                         net (fo=1, routed)           0.315     0.315    zynq_PS_i/processing_system7_0/inst/FCLK_CLK_unbuffered[0]
    BUFGCTRL_X0Y0        BUFG (Prop_bufg_I_O)         0.026     0.341 r  zynq_PS_i/processing_system7_0/inst/buffer_fclk_clk_0.FCLK_CLK_0_BUFG/O
                         net (fo=802, routed)         0.565     0.906    zynq_PS_i/axi_timer_0/U0/AXI4_LITE_I/I_SLAVE_ATTACHMENT/s_axi_aclk
    SLICE_X13Y40         FDRE                                         r  zynq_PS_i/axi_timer_0/U0/AXI4_LITE_I/I_SLAVE_ATTACHMENT/s_axi_rdata_i_reg[4]/C
  -------------------------------------------------------------------    -------------------
    SLICE_X13Y40         FDRE (Prop_fdre_C_Q)         0.141     1.047 r  zynq_PS_i/axi_timer_0/U0/AXI4_LITE_I/I_SLAVE_ATTACHMENT/s_axi_rdata_i_reg[4]/Q
                         net (fo=1, routed)           0.051     1.098    zynq_PS_i/axi_smc/inst/sc_ul/inst/gen_axi_full_nxm.sasd_inst/gen_read.rdata_mux/m01_axi_rdata[4]
    SLICE_X12Y40         LUT4 (Prop_lut4_I0_O)        0.045     1.143 r  zynq_PS_i/axi_smc/inst/sc_ul/inst/gen_axi_full_nxm.sasd_inst/gen_read.rdata_mux/dout_i1[4]_i_1/O
                         net (fo=1, routed)           0.000     1.143    zynq_PS_i/axi_smc/inst/sc_ul/inst/gen_axi_full_nxm.sasd_inst/gen_read.rdata_mux/f_onehotmux10_return[4]
    SLICE_X12Y40         FDRE                                         r  zynq_PS_i/axi_smc/inst/sc_ul/inst/gen_axi_full_nxm.sasd_inst/gen_read.rdata_mux/dout_i1_reg[4]/D
  -------------------------------------------------------------------    -------------------

                         (clock clk_fpga_0 rise edge)
                                                      0.000     0.000 r  <hidden>
    PS7_X0Y0             PS7                          0.000     0.000 r  zynq_PS_i/processing_system7_0/inst/PS7_i/FCLKCLK[0]
                         net (fo=1, routed)           0.341     0.341    zynq_PS_i/processing_system7_0/inst/FCLK_CLK_unbuffered[0]
    BUFGCTRL_X0Y0        BUFG (Prop_bufg_I_O)         0.029     0.370 r  zynq_PS_i/processing_system7_0/inst/buffer_fclk_clk_0.FCLK_CLK_0_BUFG/O
                         net (fo=802, routed)         0.833     1.203    zynq_PS_i/axi_smc/inst/sc_ul/inst/gen_axi_full_nxm.sasd_inst/gen_read.rdata_mux/aclk
    SLICE_X12Y40         FDRE                                         r  zynq_PS_i/axi_smc/inst/sc_ul/inst/gen_axi_full_nxm.sasd_inst/gen_read.rdata_mux/dout_i1_reg[4]/C
                         clock pessimism             -0.284     0.919    <hidden>
    SLICE_X12Y40         FDRE (Hold_fdre_C_D)         0.121     1.040    zynq_PS_i/axi_smc/inst/sc_ul/inst/gen_axi_full_nxm.sasd_inst/gen_read.rdata_mux/dout_i1_reg[4]
  -------------------------------------------------------------------
                         required time                         -1.039    <hidden>
                         arrival time                           1.143    <hidden>
  -------------------------------------------------------------------
                         slack                                  0.103    <hidden>

Slack (MET) :             0.121ns  (arrival time - required time)
  Source:                 zynq_PS_i/axi_smc/inst/sc_ul/inst/cdc_aresetn/syncstages_ff_reg[0]/C
                            (rising edge-triggered cell FDRE clocked by clk_fpga_0  {rise@0.000ns fall@10.000ns period=20.000ns})
  Destination:            zynq_PS_i/axi_smc/inst/sc_ul/inst/cdc_aresetn/syncstages_ff_reg[1]/D
                            (rising edge-triggered cell FDRE clocked by clk_fpga_0  {rise@0.000ns fall@10.000ns period=20.000ns})
  Path Group:             clk_fpga_0
  Path Type:              Hold (Min at Fast Process Corner)
  Requirement:            0.000ns  (clk_fpga_0 rise@0.000ns - clk_fpga_0 rise@0.000ns)
  Data Path Delay:        0.196ns  (logic 0.141ns (71.838%)  route 0.055ns (28.162%))
  Logic Levels:           0  
  Clock Path Skew:        0.000ns (DCD - SCD - CPR)
    Destination Clock Delay (DCD):    1.204ns
    Source Clock Delay      (SCD):    0.906ns
    Clock Pessimism Removal (CPR):    0.298ns

    Location             Delay type                Incr(ns)  Path(ns)    Netlist Resource(s)
  -------------------------------------------------------------------    -------------------
                         (clock clk_fpga_0 rise edge)
                                                      0.000     0.000 r  <hidden>
    PS7_X0Y0             PS7                          0.000     0.000 r  zynq_PS_i/processing_system7_0/inst/PS7_i/FCLKCLK[0]
                         net (fo=1, routed)           0.315     0.315    zynq_PS_i/processing_system7_0/inst/FCLK_CLK_unbuffered[0]
    BUFGCTRL_X0Y0        BUFG (Prop_bufg_I_O)         0.026     0.341 r  zynq_PS_i/processing_system7_0/inst/buffer_fclk_clk_0.FCLK_CLK_0_BUFG/O
                         net (fo=802, routed)         0.565     0.906    zynq_PS_i/axi_smc/inst/sc_ul/inst/cdc_aresetn/dest_clk
    SLICE_X11Y50         FDRE                                         r  zynq_PS_i/axi_smc/inst/sc_ul/inst/cdc_aresetn/syncstages_ff_reg[0]/C
  -------------------------------------------------------------------    -------------------
    SLICE_X11Y50         FDRE (Prop_fdre_C_Q)         0.141     1.047 r  zynq_PS_i/axi_smc/inst/sc_ul/inst/cdc_aresetn/syncstages_ff_reg[0]/Q
                         net (fo=1, routed)           0.055     1.102    zynq_PS_i/axi_smc/inst/sc_ul/inst/cdc_aresetn/syncstages_ff[0]
    SLICE_X11Y50         FDRE                                         r  zynq_PS_i/axi_smc/inst/sc_ul/inst/cdc_aresetn/syncstages_ff_reg[1]/D
  -------------------------------------------------------------------    -------------------

                         (clock clk_fpga_0 rise edge)
                                                      0.000     0.000 r  <hidden>
    PS7_X0Y0             PS7                          0.000     0.000 r  zynq_PS_i/processing_system7_0/inst/PS7_i/FCLKCLK[0]
                         net (fo=1, routed)           0.341     0.341    zynq_PS_i/processing_system7_0/inst/FCLK_CLK_unbuffered[0]
    BUFGCTRL_X0Y0        BUFG (Prop_bufg_I_O)         0.029     0.370 r  zynq_PS_i/processing_system7_0/inst/buffer_fclk_clk_0.FCLK_CLK_0_BUFG/O
                         net (fo=802, routed)         0.834     1.204    zynq_PS_i/axi_smc/inst/sc_ul/inst/cdc_aresetn/dest_clk
    SLICE_X11Y50         FDRE                                         r  zynq_PS_i/axi_smc/inst/sc_ul/inst/cdc_aresetn/syncstages_ff_reg[1]/C
                         clock pessimism             -0.298     0.906    <hidden>
    SLICE_X11Y50         FDRE (Hold_fdre_C_D)         0.075     0.981    zynq_PS_i/axi_smc/inst/sc_ul/inst/cdc_aresetn/syncstages_ff_reg[1]
  -------------------------------------------------------------------
                         required time                         -0.981    <hidden>
                         arrival time                           1.102    <hidden>
  -------------------------------------------------------------------
                         slack                                  0.121    <hidden>

Slack (MET) :             0.121ns  (arrival time - required time)
  Source:                 zynq_PS_i/rst_ps7_0_50M/U0/EXT_LPF/ACTIVE_LOW_AUX.ACT_LO_AUX/syncstages_ff_reg[0]/C
                            (rising edge-triggered cell FDRE clocked by clk_fpga_0  {rise@0.000ns fall@10.000ns period=20.000ns})
  Destination:            zynq_PS_i/rst_ps7_0_50M/U0/EXT_LPF/ACTIVE_LOW_AUX.ACT_LO_AUX/syncstages_ff_reg[1]/D
                            (rising edge-triggered cell FDRE clocked by clk_fpga_0  {rise@0.000ns fall@10.000ns period=20.000ns})
  Path Group:             clk_fpga_0
  Path Type:              Hold (Min at Fast Process Corner)
  Requirement:            0.000ns  (clk_fpga_0 rise@0.000ns - clk_fpga_0 rise@0.000ns)
  Data Path Delay:        0.196ns  (logic 0.141ns (71.838%)  route 0.055ns (28.162%))
  Logic Levels:           0  
  Clock Path Skew:        0.000ns (DCD - SCD - CPR)
    Destination Clock Delay (DCD):    1.204ns
    Source Clock Delay      (SCD):    0.906ns
    Clock Pessimism Removal (CPR):    0.298ns

    Location             Delay type                Incr(ns)  Path(ns)    Netlist Resource(s)
  -------------------------------------------------------------------    -------------------
                         (clock clk_fpga_0 rise edge)
                                                      0.000     0.000 r  <hidden>
    PS7_X0Y0             PS7                          0.000     0.000 r  zynq_PS_i/processing_system7_0/inst/PS7_i/FCLKCLK[0]
                         net (fo=1, routed)           0.315     0.315    zynq_PS_i/processing_system7_0/inst/FCLK_CLK_unbuffered[0]
    BUFGCTRL_X0Y0        BUFG (Prop_bufg_I_O)         0.026     0.341 r  zynq_PS_i/processing_system7_0/inst/buffer_fclk_clk_0.FCLK_CLK_0_BUFG/O
                         net (fo=802, routed)         0.565     0.906    zynq_PS_i/rst_ps7_0_50M/U0/EXT_LPF/ACTIVE_LOW_AUX.ACT_LO_AUX/dest_clk
    SLICE_X13Y50         FDRE                                         r  zynq_PS_i/rst_ps7_0_50M/U0/EXT_LPF/ACTIVE_LOW_AUX.ACT_LO_AUX/syncstages_ff_reg[0]/C
  -------------------------------------------------------------------    -------------------
    SLICE_X13Y50         FDRE (Prop_fdre_C_Q)         0.141     1.047 r  zynq_PS_i/rst_ps7_0_50M/U0/EXT_LPF/ACTIVE_LOW_AUX.ACT_LO_AUX/syncstages_ff_reg[0]/Q
                         net (fo=1, routed)           0.055     1.102    zynq_PS_i/rst_ps7_0_50M/U0/EXT_LPF/ACTIVE_LOW_AUX.ACT_LO_AUX/syncstages_ff[0]
    SLICE_X13Y50         FDRE                                         r  zynq_PS_i/rst_ps7_0_50M/U0/EXT_LPF/ACTIVE_LOW_AUX.ACT_LO_AUX/syncstages_ff_reg[1]/D
  -------------------------------------------------------------------    -------------------

                         (clock clk_fpga_0 rise edge)
                                                      0.000     0.000 r  <hidden>
    PS7_X0Y0             PS7                          0.000     0.000 r  zynq_PS_i/processing_system7_0/inst/PS7_i/FCLKCLK[0]
                         net (fo=1, routed)           0.341     0.341    zynq_PS_i/processing_system7_0/inst/FCLK_CLK_unbuffered[0]
    BUFGCTRL_X0Y0        BUFG (Prop_bufg_I_O)         0.029     0.370 r  zynq_PS_i/processing_system7_0/inst/buffer_fclk_clk_0.FCLK_CLK_0_BUFG/O
                         net (fo=802, routed)         0.834     1.204    zynq_PS_i/rst_ps7_0_50M/U0/EXT_LPF/ACTIVE_LOW_AUX.ACT_LO_AUX/dest_clk
    SLICE_X13Y50         FDRE                                         r  zynq_PS_i/rst_ps7_0_50M/U0/EXT_LPF/ACTIVE_LOW_AUX.ACT_LO_AUX/syncstages_ff_reg[1]/C
                         clock pessimism             -0.298     0.906    <hidden>
    SLICE_X13Y50         FDRE (Hold_fdre_C_D)         0.075     0.981    zynq_PS_i/rst_ps7_0_50M/U0/EXT_LPF/ACTIVE_LOW_AUX.ACT_LO_AUX/syncstages_ff_reg[1]
  -------------------------------------------------------------------
                         required time                         -0.981    <hidden>
                         arrival time                           1.102    <hidden>
  -------------------------------------------------------------------
                         slack                                  0.121    <hidden>

Slack (MET) :             0.123ns  (arrival time - required time)
  Source:                 zynq_PS_i/axi_timer_0/U0/TC_CORE_I/TIMER_CONTROL_I/INPUT_DOUBLE_REGS2/syncstages_ff_reg[0]/C
                            (rising edge-triggered cell FDRE clocked by clk_fpga_0  {rise@0.000ns fall@10.000ns period=20.000ns})
  Destination:            zynq_PS_i/axi_timer_0/U0/TC_CORE_I/TIMER_CONTROL_I/INPUT_DOUBLE_REGS2/syncstages_ff_reg[1]/D
                            (rising edge-triggered cell FDRE clocked by clk_fpga_0  {rise@0.000ns fall@10.000ns period=20.000ns})
  Path Group:             clk_fpga_0
  Path Type:              Hold (Min at Fast Process Corner)
  Requirement:            0.000ns  (clk_fpga_0 rise@0.000ns - clk_fpga_0 rise@0.000ns)
  Data Path Delay:        0.199ns  (logic 0.141ns (70.848%)  route 0.058ns (29.152%))
  Logic Levels:           0  
  Clock Path Skew:        0.000ns (DCD - SCD - CPR)
    Destination Clock Delay (DCD):    1.197ns
    Source Clock Delay      (SCD):    0.901ns
    Clock Pessimism Removal (CPR):    0.296ns

    Location             Delay type                Incr(ns)  Path(ns)    Netlist Resource(s)
  -------------------------------------------------------------------    -------------------
                         (clock clk_fpga_0 rise edge)
                                                      0.000     0.000 r  <hidden>
    PS7_X0Y0             PS7                          0.000     0.000 r  zynq_PS_i/processing_system7_0/inst/PS7_i/FCLKCLK[0]
                         net (fo=1, routed)           0.315     0.315    zynq_PS_i/processing_system7_0/inst/FCLK_CLK_unbuffered[0]
    BUFGCTRL_X0Y0        BUFG (Prop_bufg_I_O)         0.026     0.341 r  zynq_PS_i/processing_system7_0/inst/buffer_fclk_clk_0.FCLK_CLK_0_BUFG/O
                         net (fo=802, routed)         0.560     0.901    zynq_PS_i/axi_timer_0/U0/TC_CORE_I/TIMER_CONTROL_I/INPUT_DOUBLE_REGS2/dest_clk
    SLICE_X14Y37         FDRE                                         r  zynq_PS_i/axi_timer_0/U0/TC_CORE_I/TIMER_CONTROL_I/INPUT_DOUBLE_REGS2/syncstages_ff_reg[0]/C
  -------------------------------------------------------------------    -------------------
    SLICE_X14Y37         FDRE (Prop_fdre_C_Q)         0.141     1.042 r  zynq_PS_i/axi_timer_0/U0/TC_CORE_I/TIMER_CONTROL_I/INPUT_DOUBLE_REGS2/syncstages_ff_reg[0]/Q
                         net (fo=1, routed)           0.058     1.100    zynq_PS_i/axi_timer_0/U0/TC_CORE_I/TIMER_CONTROL_I/INPUT_DOUBLE_REGS2/syncstages_ff[0]
    SLICE_X14Y37         FDRE                                         r  zynq_PS_i/axi_timer_0/U0/TC_CORE_I/TIMER_CONTROL_I/INPUT_DOUBLE_REGS2/syncstages_ff_reg[1]/D
  -------------------------------------------------------------------    -------------------

                         (clock clk_fpga_0 rise edge)
                                                      0.000     0.000 r  <hidden>
    PS7_X0Y0             PS7                          0.000     0.000 r  zynq_PS_i/processing_system7_0/inst/PS7_i/FCLKCLK[0]
                         net (fo=1, routed)           0.341     0.341    zynq_PS_i/processing_system7_0/inst/FCLK_CLK_unbuffered[0]
    BUFGCTRL_X0Y0        BUFG (Prop_bufg_I_O)         0.029     0.370 r  zynq_PS_i/processing_system7_0/inst/buffer_fclk_clk_0.FCLK_CLK_0_BUFG/O
                         net (fo=802, routed)         0.827     1.197    zynq_PS_i/axi_timer_0/U0/TC_CORE_I/TIMER_CONTROL_I/INPUT_DOUBLE_REGS2/dest_clk
    SLICE_X14Y37         FDRE                                         r  zynq_PS_i/axi_timer_0/U0/TC_CORE_I/TIMER_CONTROL_I/INPUT_DOUBLE_REGS2/syncstages_ff_reg[1]/C
                         clock pessimism             -0.296     0.901    <hidden>
    SLICE_X14Y37         FDRE (Hold_fdre_C_D)         0.076     0.977    zynq_PS_i/axi_timer_0/U0/TC_CORE_I/TIMER_CONTROL_I/INPUT_DOUBLE_REGS2/syncstages_ff_reg[1]
  -------------------------------------------------------------------
                         required time                         -0.976    <hidden>
                         arrival time                           1.100    <hidden>
  -------------------------------------------------------------------
                         slack                                  0.123    <hidden>

Slack (MET) :             0.127ns  (arrival time - required time)
  Source:                 zynq_PS_i/axi_timer_0/U0/TC_CORE_I/TIMER_CONTROL_I/captureTrig1_d_reg/C
                            (rising edge-triggered cell FDRE clocked by clk_fpga_0  {rise@0.000ns fall@10.000ns period=20.000ns})
  Destination:            zynq_PS_i/axi_timer_0/U0/TC_CORE_I/TIMER_CONTROL_I/captureTrig1_d2_reg/D
                            (rising edge-triggered cell FDRE clocked by clk_fpga_0  {rise@0.000ns fall@10.000ns period=20.000ns})
  Path Group:             clk_fpga_0
  Path Type:              Hold (Min at Fast Process Corner)
  Requirement:            0.000ns  (clk_fpga_0 rise@0.000ns - clk_fpga_0 rise@0.000ns)
  Data Path Delay:        0.198ns  (logic 0.141ns (71.201%)  route 0.057ns (28.799%))
  Logic Levels:           0  
  Clock Path Skew:        0.000ns (DCD - SCD - CPR)
    Destination Clock Delay (DCD):    1.199ns
    Source Clock Delay      (SCD):    0.902ns
    Clock Pessimism Removal (CPR):    0.297ns

    Location             Delay type                Incr(ns)  Path(ns)    Netlist Resource(s)
  -------------------------------------------------------------------    -------------------
                         (clock clk_fpga_0 rise edge)
                                                      0.000     0.000 r  <hidden>
    PS7_X0Y0             PS7                          0.000     0.000 r  zynq_PS_i/processing_system7_0/inst/PS7_i/FCLKCLK[0]
                         net (fo=1, routed)           0.315     0.315    zynq_PS_i/processing_system7_0/inst/FCLK_CLK_unbuffered[0]
    BUFGCTRL_X0Y0        BUFG (Prop_bufg_I_O)         0.026     0.341 r  zynq_PS_i/processing_system7_0/inst/buffer_fclk_clk_0.FCLK_CLK_0_BUFG/O
                         net (fo=802, routed)         0.561     0.901    zynq_PS_i/axi_timer_0/U0/TC_CORE_I/TIMER_CONTROL_I/s_axi_aclk
    SLICE_X14Y39         FDRE                                         r  zynq_PS_i/axi_timer_0/U0/TC_CORE_I/TIMER_CONTROL_I/captureTrig1_d_reg/C
  -------------------------------------------------------------------    -------------------
    SLICE_X14Y39         FDRE (Prop_fdre_C_Q)         0.141     1.043 r  zynq_PS_i/axi_timer_0/U0/TC_CORE_I/TIMER_CONTROL_I/captureTrig1_d_reg/Q
                         net (fo=2, routed)           0.057     1.100    zynq_PS_i/axi_timer_0/U0/TC_CORE_I/TIMER_CONTROL_I/captureTrig1_d
    SLICE_X14Y39         FDRE                                         r  zynq_PS_i/axi_timer_0/U0/TC_CORE_I/TIMER_CONTROL_I/captureTrig1_d2_reg/D
  -------------------------------------------------------------------    -------------------

                         (clock clk_fpga_0 rise edge)
                                                      0.000     0.000 r  <hidden>
    PS7_X0Y0             PS7                          0.000     0.000 r  zynq_PS_i/processing_system7_0/inst/PS7_i/FCLKCLK[0]
                         net (fo=1, routed)           0.341     0.341    zynq_PS_i/processing_system7_0/inst/FCLK_CLK_unbuffered[0]
    BUFGCTRL_X0Y0        BUFG (Prop_bufg_I_O)         0.029     0.370 r  zynq_PS_i/processing_system7_0/inst/buffer_fclk_clk_0.FCLK_CLK_0_BUFG/O
                         net (fo=802, routed)         0.829     1.199    zynq_PS_i/axi_timer_0/U0/TC_CORE_I/TIMER_CONTROL_I/s_axi_aclk
    SLICE_X14Y39         FDRE                                         r  zynq_PS_i/axi_timer_0/U0/TC_CORE_I/TIMER_CONTROL_I/captureTrig1_d2_reg/C
                         clock pessimism             -0.297     0.902    <hidden>
    SLICE_X14Y39         FDRE (Hold_fdre_C_D)         0.071     0.973    zynq_PS_i/axi_timer_0/U0/TC_CORE_I/TIMER_CONTROL_I/captureTrig1_d2_reg
  -------------------------------------------------------------------
                         required time                         -0.973    <hidden>
                         arrival time                           1.100    <hidden>
  -------------------------------------------------------------------
                         slack                                  0.127    <hidden>

Slack (MET) :             0.130ns  (arrival time - required time)
  Source:                 zynq_PS_i/axi_gpio_0/U0/gpio_core_1/Dual.INPUT_DOUBLE_REGS5/syncstages_ff_reg[0][1]/C
                            (rising edge-triggered cell FDRE clocked by clk_fpga_0  {rise@0.000ns fall@10.000ns period=20.000ns})
  Destination:            zynq_PS_i/axi_gpio_0/U0/gpio_core_1/Dual.INPUT_DOUBLE_REGS5/syncstages_ff_reg[1][1]/D
                            (rising edge-triggered cell FDRE clocked by clk_fpga_0  {rise@0.000ns fall@10.000ns period=20.000ns})
  Path Group:             clk_fpga_0
  Path Type:              Hold (Min at Fast Process Corner)
  Requirement:            0.000ns  (clk_fpga_0 rise@0.000ns - clk_fpga_0 rise@0.000ns)
  Data Path Delay:        0.205ns  (logic 0.141ns (68.843%)  route 0.064ns (31.157%))
  Logic Levels:           0  
  Clock Path Skew:        0.000ns (DCD - SCD - CPR)
    Destination Clock Delay (DCD):    1.197ns
    Source Clock Delay      (SCD):    0.900ns
    Clock Pessimism Removal (CPR):    0.297ns

    Location             Delay type                Incr(ns)  Path(ns)    Netlist Resource(s)
  -------------------------------------------------------------------    -------------------
                         (clock clk_fpga_0 rise edge)
                                                      0.000     0.000 r  <hidden>
    PS7_X0Y0             PS7                          0.000     0.000 r  zynq_PS_i/processing_system7_0/inst/PS7_i/FCLKCLK[0]
                         net (fo=1, routed)           0.315     0.315    zynq_PS_i/processing_system7_0/inst/FCLK_CLK_unbuffered[0]
    BUFGCTRL_X0Y0        BUFG (Prop_bufg_I_O)         0.026     0.341 r  zynq_PS_i/processing_system7_0/inst/buffer_fclk_clk_0.FCLK_CLK_0_BUFG/O
                         net (fo=802, routed)         0.559     0.900    zynq_PS_i/axi_gpio_0/U0/gpio_core_1/Dual.INPUT_DOUBLE_REGS5/dest_clk
    SLICE_X22Y41         FDRE                                         r  zynq_PS_i/axi_gpio_0/U0/gpio_core_1/Dual.INPUT_DOUBLE_REGS5/syncstages_ff_reg[0][1]/C
  -------------------------------------------------------------------    -------------------
    SLICE_X22Y41         FDRE (Prop_fdre_C_Q)         0.141     1.041 r  zynq_PS_i/axi_gpio_0/U0/gpio_core_1/Dual.INPUT_DOUBLE_REGS5/syncstages_ff_reg[0][1]/Q
                         net (fo=1, routed)           0.064     1.104    zynq_PS_i/axi_gpio_0/U0/gpio_core_1/Dual.INPUT_DOUBLE_REGS5/syncstages_ff[0][1]
    SLICE_X22Y41         FDRE                                         r  zynq_PS_i/axi_gpio_0/U0/gpio_core_1/Dual.INPUT_DOUBLE_REGS5/syncstages_ff_reg[1][1]/D
  -------------------------------------------------------------------    -------------------

                         (clock clk_fpga_0 rise edge)
                                                      0.000     0.000 r  <hidden>
    PS7_X0Y0             PS7                          0.000     0.000 r  zynq_PS_i/processing_system7_0/inst/PS7_i/FCLKCLK[0]
                         net (fo=1, routed)           0.341     0.341    zynq_PS_i/processing_system7_0/inst/FCLK_CLK_unbuffered[0]
    BUFGCTRL_X0Y0        BUFG (Prop_bufg_I_O)         0.029     0.370 r  zynq_PS_i/processing_system7_0/inst/buffer_fclk_clk_0.FCLK_CLK_0_BUFG/O
                         net (fo=802, routed)         0.827     1.197    zynq_PS_i/axi_gpio_0/U0/gpio_core_1/Dual.INPUT_DOUBLE_REGS5/dest_clk
    SLICE_X22Y41         FDRE                                         r  zynq_PS_i/axi_gpio_0/U0/gpio_core_1/Dual.INPUT_DOUBLE_REGS5/syncstages_ff_reg[1][1]/C
                         clock pessimism             -0.297     0.900    <hidden>
    SLICE_X22Y41         FDRE (Hold_fdre_C_D)         0.075     0.975    zynq_PS_i/axi_gpio_0/U0/gpio_core_1/Dual.INPUT_DOUBLE_REGS5/syncstages_ff_reg[1][1]
  -------------------------------------------------------------------
                         required time                         -0.975    <hidden>
                         arrival time                           1.104    <hidden>
  -------------------------------------------------------------------
                         slack                                  0.130    <hidden>

Slack (MET) :             0.130ns  (arrival time - required time)
  Source:                 zynq_PS_i/axi_timer_0/U0/TC_CORE_I/TIMER_CONTROL_I/INPUT_DOUBLE_REGS/syncstages_ff_reg[0]/C
                            (rising edge-triggered cell FDRE clocked by clk_fpga_0  {rise@0.000ns fall@10.000ns period=20.000ns})
  Destination:            zynq_PS_i/axi_timer_0/U0/TC_CORE_I/TIMER_CONTROL_I/INPUT_DOUBLE_REGS/syncstages_ff_reg[1]/D
                            (rising edge-triggered cell FDRE clocked by clk_fpga_0  {rise@0.000ns fall@10.000ns period=20.000ns})
  Path Group:             clk_fpga_0
  Path Type:              Hold (Min at Fast Process Corner)
  Requirement:            0.000ns  (clk_fpga_0 rise@0.000ns - clk_fpga_0 rise@0.000ns)
  Data Path Delay:        0.205ns  (logic 0.141ns (68.843%)  route 0.064ns (31.157%))
  Logic Levels:           0  
  Clock Path Skew:        0.000ns (DCD - SCD - CPR)
    Destination Clock Delay (DCD):    1.197ns
    Source Clock Delay      (SCD):    0.901ns
    Clock Pessimism Removal (CPR):    0.296ns

    Location             Delay type                Incr(ns)  Path(ns)    Netlist Resource(s)
  -------------------------------------------------------------------    -------------------
                         (clock clk_fpga_0 rise edge)
                                                      0.000     0.000 r  <hidden>
    PS7_X0Y0             PS7                          0.000     0.000 r  zynq_PS_i/processing_system7_0/inst/PS7_i/FCLKCLK[0]
                         net (fo=1, routed)           0.315     0.315    zynq_PS_i/processing_system7_0/inst/FCLK_CLK_unbuffered[0]
    BUFGCTRL_X0Y0        BUFG (Prop_bufg_I_O)         0.026     0.341 r  zynq_PS_i/processing_system7_0/inst/buffer_fclk_clk_0.FCLK_CLK_0_BUFG/O
                         net (fo=802, routed)         0.560     0.901    zynq_PS_i/axi_timer_0/U0/TC_CORE_I/TIMER_CONTROL_I/INPUT_DOUBLE_REGS/dest_clk
    SLICE_X14Y37         FDRE                                         r  zynq_PS_i/axi_timer_0/U0/TC_CORE_I/TIMER_CONTROL_I/INPUT_DOUBLE_REGS/syncstages_ff_reg[0]/C
  -------------------------------------------------------------------    -------------------
    SLICE_X14Y37         FDRE (Prop_fdre_C_Q)         0.141     1.042 r  zynq_PS_i/axi_timer_0/U0/TC_CORE_I/TIMER_CONTROL_I/INPUT_DOUBLE_REGS/syncstages_ff_reg[0]/Q
                         net (fo=1, routed)           0.064     1.105    zynq_PS_i/axi_timer_0/U0/TC_CORE_I/TIMER_CONTROL_I/INPUT_DOUBLE_REGS/syncstages_ff[0]
    SLICE_X14Y37         FDRE                                         r  zynq_PS_i/axi_timer_0/U0/TC_CORE_I/TIMER_CONTROL_I/INPUT_DOUBLE_REGS/syncstages_ff_reg[1]/D
  -------------------------------------------------------------------    -------------------

                         (clock clk_fpga_0 rise edge)
                                                      0.000     0.000 r  <hidden>
    PS7_X0Y0             PS7                          0.000     0.000 r  zynq_PS_i/processing_system7_0/inst/PS7_i/FCLKCLK[0]
                         net (fo=1, routed)           0.341     0.341    zynq_PS_i/processing_system7_0/inst/FCLK_CLK_unbuffered[0]
    BUFGCTRL_X0Y0        BUFG (Prop_bufg_I_O)         0.029     0.370 r  zynq_PS_i/processing_system7_0/inst/buffer_fclk_clk_0.FCLK_CLK_0_BUFG/O
                         net (fo=802, routed)         0.827     1.197    zynq_PS_i/axi_timer_0/U0/TC_CORE_I/TIMER_CONTROL_I/INPUT_DOUBLE_REGS/dest_clk
    SLICE_X14Y37         FDRE                                         r  zynq_PS_i/axi_timer_0/U0/TC_CORE_I/TIMER_CONTROL_I/INPUT_DOUBLE_REGS/syncstages_ff_reg[1]/C
                         clock pessimism             -0.296     0.901    <hidden>
    SLICE_X14Y37         FDRE (Hold_fdre_C_D)         0.075     0.976    zynq_PS_i/axi_timer_0/U0/TC_CORE_I/TIMER_CONTROL_I/INPUT_DOUBLE_REGS/syncstages_ff_reg[1]
  -------------------------------------------------------------------
                         required time                         -0.975    <hidden>
                         arrival time                           1.105    <hidden>
  -------------------------------------------------------------------
                         slack                                  0.130    <hidden>

Slack (MET) :             0.146ns  (arrival time - required time)
  Source:                 zynq_PS_i/axi_gpio_0/U0/gpio_core_1/Dual.gpio2_Data_In_reg[0]/C
                            (rising edge-triggered cell FDRE clocked by clk_fpga_0  {rise@0.000ns fall@10.000ns period=20.000ns})
  Destination:            zynq_PS_i/axi_gpio_0/U0/gpio_core_1/Dual.ALLIN0_ND_G2.READ_REG2_GEN[0].reg3_reg[30]/D
                            (rising edge-triggered cell FDRE clocked by clk_fpga_0  {rise@0.000ns fall@10.000ns period=20.000ns})
  Path Group:             clk_fpga_0
  Path Type:              Hold (Min at Fast Process Corner)
  Requirement:            0.000ns  (clk_fpga_0 rise@0.000ns - clk_fpga_0 rise@0.000ns)
  Data Path Delay:        0.531ns  (logic 0.186ns (35.003%)  route 0.345ns (64.997%))
  Logic Levels:           1  (LUT5=1)
  Clock Path Skew:        0.265ns (DCD - SCD - CPR)
    Destination Clock Delay (DCD):    1.199ns
    Source Clock Delay      (SCD):    0.900ns
    Clock Pessimism Removal (CPR):    0.034ns

    Location             Delay type                Incr(ns)  Path(ns)    Netlist Resource(s)
  -------------------------------------------------------------------    -------------------
                         (clock clk_fpga_0 rise edge)
                                                      0.000     0.000 r  <hidden>
    PS7_X0Y0             PS7                          0.000     0.000 r  zynq_PS_i/processing_system7_0/inst/PS7_i/FCLKCLK[0]
                         net (fo=1, routed)           0.315     0.315    zynq_PS_i/processing_system7_0/inst/FCLK_CLK_unbuffered[0]
    BUFGCTRL_X0Y0        BUFG (Prop_bufg_I_O)         0.026     0.341 r  zynq_PS_i/processing_system7_0/inst/buffer_fclk_clk_0.FCLK_CLK_0_BUFG/O
                         net (fo=802, routed)         0.559     0.900    zynq_PS_i/axi_gpio_0/U0/gpio_core_1/s_axi_aclk
    SLICE_X23Y41         FDRE                                         r  zynq_PS_i/axi_gpio_0/U0/gpio_core_1/Dual.gpio2_Data_In_reg[0]/C
  -------------------------------------------------------------------    -------------------
    SLICE_X23Y41         FDRE (Prop_fdre_C_Q)         0.141     1.041 r  zynq_PS_i/axi_gpio_0/U0/gpio_core_1/Dual.gpio2_Data_In_reg[0]/Q
                         net (fo=1, routed)           0.345     1.386    zynq_PS_i/axi_gpio_0/U0/gpio_core_1/Dual.gpio2_Data_In[0]
    SLICE_X20Y41         LUT5 (Prop_lut5_I0_O)        0.045     1.431 r  zynq_PS_i/axi_gpio_0/U0/gpio_core_1/Dual.ALLIN0_ND_G2.READ_REG2_GEN[0].reg3[30]_i_1/O
                         net (fo=1, routed)           0.000     1.431    zynq_PS_i/axi_gpio_0/U0/gpio_core_1/reg3[30]
    SLICE_X20Y41         FDRE                                         r  zynq_PS_i/axi_gpio_0/U0/gpio_core_1/Dual.ALLIN0_ND_G2.READ_REG2_GEN[0].reg3_reg[30]/D
  -------------------------------------------------------------------    -------------------

                         (clock clk_fpga_0 rise edge)
                                                      0.000     0.000 r  <hidden>
    PS7_X0Y0             PS7                          0.000     0.000 r  zynq_PS_i/processing_system7_0/inst/PS7_i/FCLKCLK[0]
                         net (fo=1, routed)           0.341     0.341    zynq_PS_i/processing_system7_0/inst/FCLK_CLK_unbuffered[0]
    BUFGCTRL_X0Y0        BUFG (Prop_bufg_I_O)         0.029     0.370 r  zynq_PS_i/processing_system7_0/inst/buffer_fclk_clk_0.FCLK_CLK_0_BUFG/O
                         net (fo=802, routed)         0.829     1.199    zynq_PS_i/axi_gpio_0/U0/gpio_core_1/s_axi_aclk
    SLICE_X20Y41         FDRE                                         r  zynq_PS_i/axi_gpio_0/U0/gpio_core_1/Dual.ALLIN0_ND_G2.READ_REG2_GEN[0].reg3_reg[30]/C
                         clock pessimism             -0.034     1.165    <hidden>
    SLICE_X20Y41         FDRE (Hold_fdre_C_D)         0.120     1.285    zynq_PS_i/axi_gpio_0/U0/gpio_core_1/Dual.ALLIN0_ND_G2.READ_REG2_GEN[0].reg3_reg[30]
  -------------------------------------------------------------------
                         required time                         -1.285    <hidden>
                         arrival time                           1.431    <hidden>
  -------------------------------------------------------------------
                         slack                                  0.146    <hidden>

Slack (MET) :             0.157ns  (arrival time - required time)
  Source:                 zynq_PS_i/axi_timer_0/U0/AXI4_LITE_I/I_SLAVE_ATTACHMENT/s_axi_rdata_i_reg[13]/C
                            (rising edge-triggered cell FDRE clocked by clk_fpga_0  {rise@0.000ns fall@10.000ns period=20.000ns})
  Destination:            zynq_PS_i/axi_smc/inst/sc_ul/inst/gen_axi_full_nxm.sasd_inst/gen_read.rdata_mux/dout_i1_reg[13]/D
                            (rising edge-triggered cell FDRE clocked by clk_fpga_0  {rise@0.000ns fall@10.000ns period=20.000ns})
  Path Group:             clk_fpga_0
  Path Type:              Hold (Min at Fast Process Corner)
  Requirement:            0.000ns  (clk_fpga_0 rise@0.000ns - clk_fpga_0 rise@0.000ns)
  Data Path Delay:        0.295ns  (logic 0.186ns (63.143%)  route 0.109ns (36.857%))
  Logic Levels:           1  (LUT4=1)
  Clock Path Skew:        0.017ns (DCD - SCD - CPR)
    Destination Clock Delay (DCD):    1.203ns
    Source Clock Delay      (SCD):    0.905ns
    Clock Pessimism Removal (CPR):    0.281ns

    Location             Delay type                Incr(ns)  Path(ns)    Netlist Resource(s)
  -------------------------------------------------------------------    -------------------
                         (clock clk_fpga_0 rise edge)
                                                      0.000     0.000 r  <hidden>
    PS7_X0Y0             PS7                          0.000     0.000 r  zynq_PS_i/processing_system7_0/inst/PS7_i/FCLKCLK[0]
                         net (fo=1, routed)           0.315     0.315    zynq_PS_i/processing_system7_0/inst/FCLK_CLK_unbuffered[0]
    BUFGCTRL_X0Y0        BUFG (Prop_bufg_I_O)         0.026     0.341 r  zynq_PS_i/processing_system7_0/inst/buffer_fclk_clk_0.FCLK_CLK_0_BUFG/O
                         net (fo=802, routed)         0.564     0.905    zynq_PS_i/axi_timer_0/U0/AXI4_LITE_I/I_SLAVE_ATTACHMENT/s_axi_aclk
    SLICE_X7Y39          FDRE                                         r  zynq_PS_i/axi_timer_0/U0/AXI4_LITE_I/I_SLAVE_ATTACHMENT/s_axi_rdata_i_reg[13]/C
  -------------------------------------------------------------------    -------------------
    SLICE_X7Y39          FDRE (Prop_fdre_C_Q)         0.141     1.046 r  zynq_PS_i/axi_timer_0/U0/AXI4_LITE_I/I_SLAVE_ATTACHMENT/s_axi_rdata_i_reg[13]/Q
                         net (fo=1, routed)           0.109     1.154    zynq_PS_i/axi_smc/inst/sc_ul/inst/gen_axi_full_nxm.sasd_inst/gen_read.rdata_mux/m01_axi_rdata[13]
    SLICE_X6Y40          LUT4 (Prop_lut4_I0_O)        0.045     1.199 r  zynq_PS_i/axi_smc/inst/sc_ul/inst/gen_axi_full_nxm.sasd_inst/gen_read.rdata_mux/dout_i1[13]_i_1/O
                         net (fo=1, routed)           0.000     1.199    zynq_PS_i/axi_smc/inst/sc_ul/inst/gen_axi_full_nxm.sasd_inst/gen_read.rdata_mux/f_onehotmux10_return[13]
    SLICE_X6Y40          FDRE                                         r  zynq_PS_i/axi_smc/inst/sc_ul/inst/gen_axi_full_nxm.sasd_inst/gen_read.rdata_mux/dout_i1_reg[13]/D
  -------------------------------------------------------------------    -------------------

                         (clock clk_fpga_0 rise edge)
                                                      0.000     0.000 r  <hidden>
    PS7_X0Y0             PS7                          0.000     0.000 r  zynq_PS_i/processing_system7_0/inst/PS7_i/FCLKCLK[0]
                         net (fo=1, routed)           0.341     0.341    zynq_PS_i/processing_system7_0/inst/FCLK_CLK_unbuffered[0]
    BUFGCTRL_X0Y0        BUFG (Prop_bufg_I_O)         0.029     0.370 r  zynq_PS_i/processing_system7_0/inst/buffer_fclk_clk_0.FCLK_CLK_0_BUFG/O
                         net (fo=802, routed)         0.833     1.203    zynq_PS_i/axi_smc/inst/sc_ul/inst/gen_axi_full_nxm.sasd_inst/gen_read.rdata_mux/aclk
    SLICE_X6Y40          FDRE                                         r  zynq_PS_i/axi_smc/inst/sc_ul/inst/gen_axi_full_nxm.sasd_inst/gen_read.rdata_mux/dout_i1_reg[13]/C
                         clock pessimism             -0.281     0.922    <hidden>
    SLICE_X6Y40          FDRE (Hold_fdre_C_D)         0.121     1.043    zynq_PS_i/axi_smc/inst/sc_ul/inst/gen_axi_full_nxm.sasd_inst/gen_read.rdata_mux/dout_i1_reg[13]
  -------------------------------------------------------------------
                         required time                         -1.043    <hidden>
                         arrival time                           1.199    <hidden>
  -------------------------------------------------------------------
                         slack                                  0.157    <hidden>

Slack (MET) :             0.159ns  (arrival time - required time)
  Source:                 zynq_PS_i/axi_gpio_0/U0/gpio_core_1/Dual.INPUT_DOUBLE_REGS5/syncstages_ff_reg[0][0]/C
                            (rising edge-triggered cell FDRE clocked by clk_fpga_0  {rise@0.000ns fall@10.000ns period=20.000ns})
  Destination:            zynq_PS_i/axi_gpio_0/U0/gpio_core_1/Dual.INPUT_DOUBLE_REGS5/syncstages_ff_reg[1][0]/D
                            (rising edge-triggered cell FDRE clocked by clk_fpga_0  {rise@0.000ns fall@10.000ns period=20.000ns})
  Path Group:             clk_fpga_0
  Path Type:              Hold (Min at Fast Process Corner)
  Requirement:            0.000ns  (clk_fpga_0 rise@0.000ns - clk_fpga_0 rise@0.000ns)
  Data Path Delay:        0.219ns  (logic 0.164ns (74.792%)  route 0.055ns (25.208%))
  Logic Levels:           0  
  Clock Path Skew:        0.000ns (DCD - SCD - CPR)
    Destination Clock Delay (DCD):    1.198ns
    Source Clock Delay      (SCD):    0.899ns
    Clock Pessimism Removal (CPR):    0.299ns

    Location             Delay type                Incr(ns)  Path(ns)    Netlist Resource(s)
  -------------------------------------------------------------------    -------------------
                         (clock clk_fpga_0 rise edge)
                                                      0.000     0.000 r  <hidden>
    PS7_X0Y0             PS7                          0.000     0.000 r  zynq_PS_i/processing_system7_0/inst/PS7_i/FCLKCLK[0]
                         net (fo=1, routed)           0.315     0.315    zynq_PS_i/processing_system7_0/inst/FCLK_CLK_unbuffered[0]
    BUFGCTRL_X0Y0        BUFG (Prop_bufg_I_O)         0.026     0.341 r  zynq_PS_i/processing_system7_0/inst/buffer_fclk_clk_0.FCLK_CLK_0_BUFG/O
                         net (fo=802, routed)         0.558     0.899    zynq_PS_i/axi_gpio_0/U0/gpio_core_1/Dual.INPUT_DOUBLE_REGS5/dest_clk
    SLICE_X20Y38         FDRE                                         r  zynq_PS_i/axi_gpio_0/U0/gpio_core_1/Dual.INPUT_DOUBLE_REGS5/syncstages_ff_reg[0][0]/C
  -------------------------------------------------------------------    -------------------
    SLICE_X20Y38         FDRE (Prop_fdre_C_Q)         0.164     1.062 r  zynq_PS_i/axi_gpio_0/U0/gpio_core_1/Dual.INPUT_DOUBLE_REGS5/syncstages_ff_reg[0][0]/Q
                         net (fo=1, routed)           0.055     1.118    zynq_PS_i/axi_gpio_0/U0/gpio_core_1/Dual.INPUT_DOUBLE_REGS5/syncstages_ff[0][0]
    SLICE_X20Y38         FDRE                                         r  zynq_PS_i/axi_gpio_0/U0/gpio_core_1/Dual.INPUT_DOUBLE_REGS5/syncstages_ff_reg[1][0]/D
  -------------------------------------------------------------------    -------------------

                         (clock clk_fpga_0 rise edge)
                                                      0.000     0.000 r  <hidden>
    PS7_X0Y0             PS7                          0.000     0.000 r  zynq_PS_i/processing_system7_0/inst/PS7_i/FCLKCLK[0]
                         net (fo=1, routed)           0.341     0.341    zynq_PS_i/processing_system7_0/inst/FCLK_CLK_unbuffered[0]
    BUFGCTRL_X0Y0        BUFG (Prop_bufg_I_O)         0.029     0.370 r  zynq_PS_i/processing_system7_0/inst/buffer_fclk_clk_0.FCLK_CLK_0_BUFG/O
                         net (fo=802, routed)         0.828     1.198    zynq_PS_i/axi_gpio_0/U0/gpio_core_1/Dual.INPUT_DOUBLE_REGS5/dest_clk
    SLICE_X20Y38         FDRE                                         r  zynq_PS_i/axi_gpio_0/U0/gpio_core_1/Dual.INPUT_DOUBLE_REGS5/syncstages_ff_reg[1][0]/C
                         clock pessimism             -0.299     0.899    <hidden>
    SLICE_X20Y38         FDRE (Hold_fdre_C_D)         0.060     0.959    zynq_PS_i/axi_gpio_0/U0/gpio_core_1/Dual.INPUT_DOUBLE_REGS5/syncstages_ff_reg[1][0]
  -------------------------------------------------------------------
                         required time                         -0.959    <hidden>
                         arrival time                           1.118    <hidden>
  -------------------------------------------------------------------
                         slack                                  0.159    <hidden>





Pulse Width Checks
--------------------------------------------------------------------------------------
Clock Name:         clk_fpga_0
Waveform(ns):       { 0.000 10.000 }
Period(ns):         20.000
Sources:            { zynq_PS_i/processing_system7_0/inst/PS7_i/FCLKCLK[0] }

Check Type        Corner  Lib Pin     Reference Pin  Required(ns)  Actual(ns)  Slack(ns)  Location       Pin
Min Period        n/a     BUFG/I      n/a            1.592         20.000      18.408     BUFGCTRL_X0Y0  zynq_PS_i/processing_system7_0/inst/buffer_fclk_clk_0.FCLK_CLK_0_BUFG/I
Min Period        n/a     FDRE/C      n/a            1.000         20.000      19.000     SLICE_X18Y42   zynq_PS_i/axi_gpio_0/U0/ip2bus_data_i_D1_reg[0]/C
Min Period        n/a     FDRE/C      n/a            1.000         20.000      19.000     SLICE_X18Y41   zynq_PS_i/axi_gpio_0/U0/ip2bus_data_i_D1_reg[24]/C
Min Period        n/a     FDRE/C      n/a            1.000         20.000      19.000     SLICE_X18Y42   zynq_PS_i/axi_gpio_0/U0/ip2bus_data_i_D1_reg[25]/C
Min Period        n/a     FDRE/C      n/a            1.000         20.000      19.000     SLICE_X19Y41   zynq_PS_i/axi_gpio_0/U0/ip2bus_data_i_D1_reg[26]/C
Min Period        n/a     FDRE/C      n/a            1.000         20.000      19.000     SLICE_X18Y42   zynq_PS_i/axi_gpio_0/U0/ip2bus_data_i_D1_reg[27]/C
Min Period        n/a     FDRE/C      n/a            1.000         20.000      19.000     SLICE_X19Y41   zynq_PS_i/axi_gpio_0/U0/ip2bus_data_i_D1_reg[28]/C
Min Period        n/a     FDRE/C      n/a            1.000         20.000      19.000     SLICE_X18Y41   zynq_PS_i/axi_gpio_0/U0/ip2bus_data_i_D1_reg[29]/C
Min Period        n/a     FDRE/C      n/a            1.000         20.000      19.000     SLICE_X19Y41   zynq_PS_i/axi_gpio_0/U0/ip2bus_data_i_D1_reg[30]/C
Min Period        n/a     FDRE/C      n/a            1.000         20.000      19.000     SLICE_X18Y41   zynq_PS_i/axi_gpio_0/U0/ip2bus_data_i_D1_reg[31]/C
Low Pulse Width   Slow    SRL16E/CLK  n/a            0.854         10.000      9.146      SLICE_X12Y51   zynq_PS_i/rst_ps7_0_50M/U0/EXT_LPF/POR_SRL_I/CLK
Low Pulse Width   Fast    SRL16E/CLK  n/a            0.854         10.000      9.146      SLICE_X12Y51   zynq_PS_i/rst_ps7_0_50M/U0/EXT_LPF/POR_SRL_I/CLK
Low Pulse Width   Slow    FDRE/C      n/a            0.500         10.000      9.500      SLICE_X18Y42   zynq_PS_i/axi_gpio_0/U0/ip2bus_data_i_D1_reg[0]/C
Low Pulse Width   Fast    FDRE/C      n/a            0.500         10.000      9.500      SLICE_X18Y42   zynq_PS_i/axi_gpio_0/U0/ip2bus_data_i_D1_reg[0]/C
Low Pulse Width   Slow    FDRE/C      n/a            0.500         10.000      9.500      SLICE_X18Y41   zynq_PS_i/axi_gpio_0/U0/ip2bus_data_i_D1_reg[24]/C
Low Pulse Width   Fast    FDRE/C      n/a            0.500         10.000      9.500      SLICE_X18Y41   zynq_PS_i/axi_gpio_0/U0/ip2bus_data_i_D1_reg[24]/C
Low Pulse Width   Slow    FDRE/C      n/a            0.500         10.000      9.500      SLICE_X18Y42   zynq_PS_i/axi_gpio_0/U0/ip2bus_data_i_D1_reg[25]/C
Low Pulse Width   Fast    FDRE/C      n/a            0.500         10.000      9.500      SLICE_X18Y42   zynq_PS_i/axi_gpio_0/U0/ip2bus_data_i_D1_reg[25]/C
Low Pulse Width   Slow    FDRE/C      n/a            0.500         10.000      9.500      SLICE_X19Y41   zynq_PS_i/axi_gpio_0/U0/ip2bus_data_i_D1_reg[26]/C
Low Pulse Width   Fast    FDRE/C      n/a            0.500         10.000      9.500      SLICE_X19Y41   zynq_PS_i/axi_gpio_0/U0/ip2bus_data_i_D1_reg[26]/C
High Pulse Width  Slow    SRL16E/CLK  n/a            0.854         10.000      9.146      SLICE_X12Y51   zynq_PS_i/rst_ps7_0_50M/U0/EXT_LPF/POR_SRL_I/CLK
High Pulse Width  Fast    SRL16E/CLK  n/a            0.854         10.000      9.146      SLICE_X12Y51   zynq_PS_i/rst_ps7_0_50M/U0/EXT_LPF/POR_SRL_I/CLK
High Pulse Width  Slow    FDRE/C      n/a            0.500         10.000      9.500      SLICE_X18Y42   zynq_PS_i/axi_gpio_0/U0/ip2bus_data_i_D1_reg[0]/C
High Pulse Width  Fast    FDRE/C      n/a            0.500         10.000      9.500      SLICE_X18Y42   zynq_PS_i/axi_gpio_0/U0/ip2bus_data_i_D1_reg[0]/C
High Pulse Width  Slow    FDRE/C      n/a            0.500         10.000      9.500      SLICE_X18Y41   zynq_PS_i/axi_gpio_0/U0/ip2bus_data_i_D1_reg[24]/C
High Pulse Width  Fast    FDRE/C      n/a            0.500         10.000      9.500      SLICE_X18Y41   zynq_PS_i/axi_gpio_0/U0/ip2bus_data_i_D1_reg[24]/C
High Pulse Width  Slow    FDRE/C      n/a            0.500         10.000      9.500      SLICE_X18Y42   zynq_PS_i/axi_gpio_0/U0/ip2bus_data_i_D1_reg[25]/C
High Pulse Width  Fast    FDRE/C      n/a            0.500         10.000      9.500      SLICE_X18Y42   zynq_PS_i/axi_gpio_0/U0/ip2bus_data_i_D1_reg[25]/C
High Pulse Width  Slow    FDRE/C      n/a            0.500         10.000      9.500      SLICE_X19Y41   zynq_PS_i/axi_gpio_0/U0/ip2bus_data_i_D1_reg[26]/C
High Pulse Width  Fast    FDRE/C      n/a            0.500         10.000      9.500      SLICE_X19Y41   zynq_PS_i/axi_gpio_0/U0/ip2bus_data_i_D1_reg[26]/C



--------------------------------------------------------------------------------------
Path Group:  (none)
From Clock:  
  To Clock:  clk_fpga_0

Max Delay             3 Endpoints
Min Delay             3 Endpoints
--------------------------------------------------------------------------------------


Max Delay Paths
--------------------------------------------------------------------------------------
Slack:                    inf
  Source:                 BTN_tri_i[0]
                            (input port)
  Destination:            zynq_PS_i/axi_gpio_0/U0/gpio_core_1/Dual.INPUT_DOUBLE_REGS5/syncstages_ff_reg[0][0]/D
                            (rising edge-triggered cell FDRE clocked by clk_fpga_0  {rise@0.000ns fall@10.000ns period=20.000ns})
  Path Group:             (none)
  Path Type:              Setup (Max at Slow Process Corner)
  Data Path Delay:        3.762ns  (logic 1.384ns (36.804%)  route 2.377ns (63.196%))
  Logic Levels:           1  (IBUF=1)
  Clock Path Skew:        2.244ns (DCD - SCD + CPR)
    Destination Clock Delay (DCD):    2.244ns
    Source Clock Delay      (SCD):    0.000ns
    Clock Pessimism Removal (CPR):    0.000ns
  Clock Uncertainty:      0.301ns  ((TSJ^2 + TIJ^2)^1/2 + DJ) / 2 + PE
    Total System Jitter     (TSJ):    0.050ns
    Total Input Jitter      (TIJ):    0.600ns
    Discrete Jitter          (DJ):    0.000ns
    Phase Error              (PE):    0.000ns
  Timing Exception:       False Path

    Location             Delay type                Incr(ns)  Path(ns)    Netlist Resource(s)
  -------------------------------------------------------------------    -------------------
    P16                                               0.000     0.000 r  BTN_tri_i[0]
                         net (fo=0)                   0.000     0.000    BTN_tri_i[0]
    P16                  IBUF (Prop_ibuf_I_O)         1.384     1.384 r  BTN_tri_i_IBUF[0]_inst/O
                         net (fo=1, routed)           2.377     3.762    zynq_PS_i/axi_gpio_0/U0/gpio_core_1/Dual.INPUT_DOUBLE_REGS5/async_path_bit[0]
    SLICE_X20Y38         FDRE                                         r  zynq_PS_i/axi_gpio_0/U0/gpio_core_1/Dual.INPUT_DOUBLE_REGS5/syncstages_ff_reg[0][0]/D
  -------------------------------------------------------------------    -------------------

                         (clock clk_fpga_0 rise edge)
                                                      0.000     0.000 r  <hidden>
    PS7_X0Y0             PS7                          0.000     0.000 r  zynq_PS_i/processing_system7_0/inst/PS7_i/FCLKCLK[0]
                         net (fo=1, routed)           0.915     0.915    zynq_PS_i/processing_system7_0/inst/FCLK_CLK_unbuffered[0]
    BUFGCTRL_X0Y0        BUFG (Prop_bufg_I_O)         0.077     0.992 r  zynq_PS_i/processing_system7_0/inst/buffer_fclk_clk_0.FCLK_CLK_0_BUFG/O
                         net (fo=802, routed)         1.252     2.244    zynq_PS_i/axi_gpio_0/U0/gpio_core_1/Dual.INPUT_DOUBLE_REGS5/dest_clk
    SLICE_X20Y38         FDRE                                         r  zynq_PS_i/axi_gpio_0/U0/gpio_core_1/Dual.INPUT_DOUBLE_REGS5/syncstages_ff_reg[0][0]/C

Slack:                    inf
  Source:                 BTN_tri_i[1]
                            (input port)
  Destination:            zynq_PS_i/axi_gpio_0/U0/gpio_core_1/Dual.INPUT_DOUBLE_REGS5/syncstages_ff_reg[0][1]/D
                            (rising edge-triggered cell FDRE clocked by clk_fpga_0  {rise@0.000ns fall@10.000ns period=20.000ns})
  Path Group:             (none)
  Path Type:              Setup (Max at Slow Process Corner)
  Data Path Delay:        2.922ns  (logic 1.473ns (50.394%)  route 1.450ns (49.606%))
  Logic Levels:           1  (IBUF=1)
  Clock Path Skew:        2.244ns (DCD - SCD + CPR)
    Destination Clock Delay (DCD):    2.244ns
    Source Clock Delay      (SCD):    0.000ns
    Clock Pessimism Removal (CPR):    0.000ns
  Clock Uncertainty:      0.301ns  ((TSJ^2 + TIJ^2)^1/2 + DJ) / 2 + PE
    Total System Jitter     (TSJ):    0.050ns
    Total Input Jitter      (TIJ):    0.600ns
    Discrete Jitter          (DJ):    0.000ns
    Phase Error              (PE):    0.000ns
  Timing Exception:       False Path

    Location             Delay type                Incr(ns)  Path(ns)    Netlist Resource(s)
  -------------------------------------------------------------------    -------------------
    T12                                               0.000     0.000 r  BTN_tri_i[1]
                         net (fo=0)                   0.000     0.000    BTN_tri_i[1]
    T12                  IBUF (Prop_ibuf_I_O)         1.473     1.473 r  BTN_tri_i_IBUF[1]_inst/O
                         net (fo=1, routed)           1.450     2.922    zynq_PS_i/axi_gpio_0/U0/gpio_core_1/Dual.INPUT_DOUBLE_REGS5/async_path_bit[1]
    SLICE_X22Y41         FDRE                                         r  zynq_PS_i/axi_gpio_0/U0/gpio_core_1/Dual.INPUT_DOUBLE_REGS5/syncstages_ff_reg[0][1]/D
  -------------------------------------------------------------------    -------------------

                         (clock clk_fpga_0 rise edge)
                                                      0.000     0.000 r  <hidden>
    PS7_X0Y0             PS7                          0.000     0.000 r  zynq_PS_i/processing_system7_0/inst/PS7_i/FCLKCLK[0]
                         net (fo=1, routed)           0.915     0.915    zynq_PS_i/processing_system7_0/inst/FCLK_CLK_unbuffered[0]
    BUFGCTRL_X0Y0        BUFG (Prop_bufg_I_O)         0.077     0.992 r  zynq_PS_i/processing_system7_0/inst/buffer_fclk_clk_0.FCLK_CLK_0_BUFG/O
                         net (fo=802, routed)         1.252     2.244    zynq_PS_i/axi_gpio_0/U0/gpio_core_1/Dual.INPUT_DOUBLE_REGS5/dest_clk
    SLICE_X22Y41         FDRE                                         r  zynq_PS_i/axi_gpio_0/U0/gpio_core_1/Dual.INPUT_DOUBLE_REGS5/syncstages_ff_reg[0][1]/C

Slack:                    inf
  Source:                 zynq_PS_i/processing_system7_0/inst/PS7_i/FCLKRESETN[0]
                            (internal pin)
  Destination:            zynq_PS_i/rst_ps7_0_50M/U0/EXT_LPF/ACTIVE_LOW_EXT.ACT_LO_EXT/syncstages_ff_reg[0]/D
                            (rising edge-triggered cell FDRE clocked by clk_fpga_0  {rise@0.000ns fall@10.000ns period=20.000ns})
  Path Group:             (none)
  Path Type:              Setup (Max at Slow Process Corner)
  Data Path Delay:        1.645ns  (logic 0.105ns (6.382%)  route 1.540ns (93.618%))
  Logic Levels:           1  (LUT1=1)
  Clock Uncertainty:      0.301ns  ((TSJ^2 + TIJ^2)^1/2 + DJ) / 2 + PE
    Total System Jitter     (TSJ):    0.050ns
    Total Input Jitter      (TIJ):    0.600ns
    Discrete Jitter          (DJ):    0.000ns
    Phase Error              (PE):    0.000ns
  Timing Exception:       False Path

    Location             Delay type                Incr(ns)  Path(ns)    Netlist Resource(s)
  -------------------------------------------------------------------    -------------------
    PS7_X0Y0             PS7                          0.000     0.000 f  zynq_PS_i/processing_system7_0/inst/PS7_i/FCLKRESETN[0]
                         net (fo=1, routed)           1.540     1.540    zynq_PS_i/rst_ps7_0_50M/U0/EXT_LPF/ext_reset_in
    SLICE_X12Y52         LUT1 (Prop_lut1_I0_O)        0.105     1.645 r  zynq_PS_i/rst_ps7_0_50M/U0/EXT_LPF/ACTIVE_LOW_EXT.ACT_LO_EXT_i_1/O
                         net (fo=1, routed)           0.000     1.645    zynq_PS_i/rst_ps7_0_50M/U0/EXT_LPF/ACTIVE_LOW_EXT.ACT_LO_EXT/src_in
    SLICE_X12Y52         FDRE                                         r  zynq_PS_i/rst_ps7_0_50M/U0/EXT_LPF/ACTIVE_LOW_EXT.ACT_LO_EXT/syncstages_ff_reg[0]/D
  -------------------------------------------------------------------    -------------------

                         (clock clk_fpga_0 rise edge)
                                                      0.000     0.000 r  <hidden>
    PS7_X0Y0             PS7                          0.000     0.000 r  zynq_PS_i/processing_system7_0/inst/PS7_i/FCLKCLK[0]
                         net (fo=1, routed)           0.915     0.915    zynq_PS_i/processing_system7_0/inst/FCLK_CLK_unbuffered[0]
    BUFGCTRL_X0Y0        BUFG (Prop_bufg_I_O)         0.077     0.992 r  zynq_PS_i/processing_system7_0/inst/buffer_fclk_clk_0.FCLK_CLK_0_BUFG/O
                         net (fo=802, routed)         1.248     2.241    zynq_PS_i/rst_ps7_0_50M/U0/EXT_LPF/ACTIVE_LOW_EXT.ACT_LO_EXT/dest_clk
    SLICE_X12Y52         FDRE                                         r  zynq_PS_i/rst_ps7_0_50M/U0/EXT_LPF/ACTIVE_LOW_EXT.ACT_LO_EXT/syncstages_ff_reg[0]/C





Min Delay Paths
--------------------------------------------------------------------------------------
Slack:                    inf
  Source:                 zynq_PS_i/processing_system7_0/inst/PS7_i/FCLKRESETN[0]
                            (internal pin)
  Destination:            zynq_PS_i/rst_ps7_0_50M/U0/EXT_LPF/ACTIVE_LOW_EXT.ACT_LO_EXT/syncstages_ff_reg[0]/D
                            (rising edge-triggered cell FDRE clocked by clk_fpga_0  {rise@0.000ns fall@10.000ns period=20.000ns})
  Path Group:             (none)
  Path Type:              Hold (Min at Fast Process Corner)
  Data Path Delay:        0.783ns  (logic 0.045ns (5.745%)  route 0.738ns (94.255%))
  Logic Levels:           1  (LUT1=1)
  Clock Uncertainty:      0.301ns  ((TSJ^2 + TIJ^2)^1/2 + DJ) / 2 + PE
    Total System Jitter     (TSJ):    0.050ns
    Total Input Jitter      (TIJ):    0.600ns
    Discrete Jitter          (DJ):    0.000ns
    Phase Error              (PE):    0.000ns
  Timing Exception:       False Path

    Location             Delay type                Incr(ns)  Path(ns)    Netlist Resource(s)
  -------------------------------------------------------------------    -------------------
    PS7_X0Y0             PS7                          0.000     0.000 f  zynq_PS_i/processing_system7_0/inst/PS7_i/FCLKRESETN[0]
                         net (fo=1, routed)           0.738     0.738    zynq_PS_i/rst_ps7_0_50M/U0/EXT_LPF/ext_reset_in
    SLICE_X12Y52         LUT1 (Prop_lut1_I0_O)        0.045     0.783 r  zynq_PS_i/rst_ps7_0_50M/U0/EXT_LPF/ACTIVE_LOW_EXT.ACT_LO_EXT_i_1/O
                         net (fo=1, routed)           0.000     0.783    zynq_PS_i/rst_ps7_0_50M/U0/EXT_LPF/ACTIVE_LOW_EXT.ACT_LO_EXT/src_in
    SLICE_X12Y52         FDRE                                         r  zynq_PS_i/rst_ps7_0_50M/U0/EXT_LPF/ACTIVE_LOW_EXT.ACT_LO_EXT/syncstages_ff_reg[0]/D
  -------------------------------------------------------------------    -------------------

                         (clock clk_fpga_0 rise edge)
                                                      0.000     0.000 r  <hidden>
    PS7_X0Y0             PS7                          0.000     0.000 r  zynq_PS_i/processing_system7_0/inst/PS7_i/FCLKCLK[0]
                         net (fo=1, routed)           0.341     0.341    zynq_PS_i/processing_system7_0/inst/FCLK_CLK_unbuffered[0]
    BUFGCTRL_X0Y0        BUFG (Prop_bufg_I_O)         0.029     0.370 r  zynq_PS_i/processing_system7_0/inst/buffer_fclk_clk_0.FCLK_CLK_0_BUFG/O
                         net (fo=802, routed)         0.834     1.204    zynq_PS_i/rst_ps7_0_50M/U0/EXT_LPF/ACTIVE_LOW_EXT.ACT_LO_EXT/dest_clk
    SLICE_X12Y52         FDRE                                         r  zynq_PS_i/rst_ps7_0_50M/U0/EXT_LPF/ACTIVE_LOW_EXT.ACT_LO_EXT/syncstages_ff_reg[0]/C

Slack:                    inf
  Source:                 BTN_tri_i[1]
                            (input port)
  Destination:            zynq_PS_i/axi_gpio_0/U0/gpio_core_1/Dual.INPUT_DOUBLE_REGS5/syncstages_ff_reg[0][1]/D
                            (rising edge-triggered cell FDRE clocked by clk_fpga_0  {rise@0.000ns fall@10.000ns period=20.000ns})
  Path Group:             (none)
  Path Type:              Hold (Min at Fast Process Corner)
  Data Path Delay:        1.103ns  (logic 0.309ns (28.019%)  route 0.794ns (71.981%))
  Logic Levels:           1  (IBUF=1)
  Clock Path Skew:        1.197ns (DCD - SCD - CPR)
    Destination Clock Delay (DCD):    1.197ns
    Source Clock Delay      (SCD):    0.000ns
    Clock Pessimism Removal (CPR):    -0.000ns
  Timing Exception:       False Path

    Location             Delay type                Incr(ns)  Path(ns)    Netlist Resource(s)
  -------------------------------------------------------------------    -------------------
    T12                                               0.000     0.000 r  BTN_tri_i[1]
                         net (fo=0)                   0.000     0.000    BTN_tri_i[1]
    T12                  IBUF (Prop_ibuf_I_O)         0.309     0.309 r  BTN_tri_i_IBUF[1]_inst/O
                         net (fo=1, routed)           0.794     1.103    zynq_PS_i/axi_gpio_0/U0/gpio_core_1/Dual.INPUT_DOUBLE_REGS5/async_path_bit[1]
    SLICE_X22Y41         FDRE                                         r  zynq_PS_i/axi_gpio_0/U0/gpio_core_1/Dual.INPUT_DOUBLE_REGS5/syncstages_ff_reg[0][1]/D
  -------------------------------------------------------------------    -------------------

                         (clock clk_fpga_0 rise edge)
                                                      0.000     0.000 r  <hidden>
    PS7_X0Y0             PS7                          0.000     0.000 r  zynq_PS_i/processing_system7_0/inst/PS7_i/FCLKCLK[0]
                         net (fo=1, routed)           0.341     0.341    zynq_PS_i/processing_system7_0/inst/FCLK_CLK_unbuffered[0]
    BUFGCTRL_X0Y0        BUFG (Prop_bufg_I_O)         0.029     0.370 r  zynq_PS_i/processing_system7_0/inst/buffer_fclk_clk_0.FCLK_CLK_0_BUFG/O
                         net (fo=802, routed)         0.827     1.197    zynq_PS_i/axi_gpio_0/U0/gpio_core_1/Dual.INPUT_DOUBLE_REGS5/dest_clk
    SLICE_X22Y41         FDRE                                         r  zynq_PS_i/axi_gpio_0/U0/gpio_core_1/Dual.INPUT_DOUBLE_REGS5/syncstages_ff_reg[0][1]/C

Slack:                    inf
  Source:                 BTN_tri_i[0]
                            (input port)
  Destination:            zynq_PS_i/axi_gpio_0/U0/gpio_core_1/Dual.INPUT_DOUBLE_REGS5/syncstages_ff_reg[0][0]/D
                            (rising edge-triggered cell FDRE clocked by clk_fpga_0  {rise@0.000ns fall@10.000ns period=20.000ns})
  Path Group:             (none)
  Path Type:              Hold (Min at Fast Process Corner)
  Data Path Delay:        1.526ns  (logic 0.222ns (14.521%)  route 1.304ns (85.479%))
  Logic Levels:           1  (IBUF=1)
  Clock Path Skew:        1.198ns (DCD - SCD - CPR)
    Destination Clock Delay (DCD):    1.198ns
    Source Clock Delay      (SCD):    0.000ns
    Clock Pessimism Removal (CPR):    -0.000ns
  Timing Exception:       False Path

    Location             Delay type                Incr(ns)  Path(ns)    Netlist Resource(s)
  -------------------------------------------------------------------    -------------------
    P16                                               0.000     0.000 r  BTN_tri_i[0]
                         net (fo=0)                   0.000     0.000    BTN_tri_i[0]
    P16                  IBUF (Prop_ibuf_I_O)         0.222     0.222 r  BTN_tri_i_IBUF[0]_inst/O
                         net (fo=1, routed)           1.304     1.526    zynq_PS_i/axi_gpio_0/U0/gpio_core_1/Dual.INPUT_DOUBLE_REGS5/async_path_bit[0]
    SLICE_X20Y38         FDRE                                         r  zynq_PS_i/axi_gpio_0/U0/gpio_core_1/Dual.INPUT_DOUBLE_REGS5/syncstages_ff_reg[0][0]/D
  -------------------------------------------------------------------    -------------------

                         (clock clk_fpga_0 rise edge)
                                                      0.000     0.000 r  <hidden>
    PS7_X0Y0             PS7                          0.000     0.000 r  zynq_PS_i/processing_system7_0/inst/PS7_i/FCLKCLK[0]
                         net (fo=1, routed)           0.341     0.341    zynq_PS_i/processing_system7_0/inst/FCLK_CLK_unbuffered[0]
    BUFGCTRL_X0Y0        BUFG (Prop_bufg_I_O)         0.029     0.370 r  zynq_PS_i/processing_system7_0/inst/buffer_fclk_clk_0.FCLK_CLK_0_BUFG/O
                         net (fo=802, routed)         0.828     1.198    zynq_PS_i/axi_gpio_0/U0/gpio_core_1/Dual.INPUT_DOUBLE_REGS5/dest_clk
    SLICE_X20Y38         FDRE                                         r  zynq_PS_i/axi_gpio_0/U0/gpio_core_1/Dual.INPUT_DOUBLE_REGS5/syncstages_ff_reg[0][0]/C





--------------------------------------------------------------------------------------
Path Group:  (none)
From Clock:  clk_fpga_0
  To Clock:  clk_fpga_0

Max Delay             1 Endpoint
Min Delay             1 Endpoint
--------------------------------------------------------------------------------------


Max Delay Paths
--------------------------------------------------------------------------------------
Slack:                    inf
  Source:                 zynq_PS_i/rst_ps7_0_50M/U0/ACTIVE_LOW_PR_OUT_DFF[0].FDRE_PER_N/C
                            (rising edge-triggered cell FDRE clocked by clk_fpga_0  {rise@0.000ns fall@10.000ns period=20.000ns})
  Destination:            zynq_PS_i/axi_smc/inst/sc_ul/inst/cdc_aresetn/syncstages_ff_reg[0]/D
                            (rising edge-triggered cell FDRE clocked by clk_fpga_0  {rise@0.000ns fall@10.000ns period=20.000ns})
  Path Group:             (none)
  Path Type:              Setup (Max at Slow Process Corner)
  Data Path Delay:        0.853ns  (logic 0.379ns (44.457%)  route 0.474ns (55.543%))
  Logic Levels:           0  
  Clock Path Skew:        -0.258ns (DCD - SCD + CPR)
    Destination Clock Delay (DCD):    2.241ns
    Source Clock Delay      (SCD):    2.499ns
    Clock Pessimism Removal (CPR):    0.000ns
  Clock Uncertainty:      0.302ns  ((TSJ^2 + TIJ^2)^1/2 + DJ) / 2 + PE
    Total System Jitter     (TSJ):    0.071ns
    Total Input Jitter      (TIJ):    0.600ns
    Discrete Jitter          (DJ):    0.000ns
    Phase Error              (PE):    0.000ns
  Timing Exception:       False Path

    Location             Delay type                Incr(ns)  Path(ns)    Netlist Resource(s)
  -------------------------------------------------------------------    -------------------
                         (clock clk_fpga_0 rise edge)
                                                      0.000     0.000 r  <hidden>
    PS7_X0Y0             PS7                          0.000     0.000 r  zynq_PS_i/processing_system7_0/inst/PS7_i/FCLKCLK[0]
                         net (fo=1, routed)           1.008     1.008    zynq_PS_i/processing_system7_0/inst/FCLK_CLK_unbuffered[0]
    BUFGCTRL_X0Y0        BUFG (Prop_bufg_I_O)         0.085     1.093 r  zynq_PS_i/processing_system7_0/inst/buffer_fclk_clk_0.FCLK_CLK_0_BUFG/O
                         net (fo=802, routed)         1.406     2.499    zynq_PS_i/rst_ps7_0_50M/U0/slowest_sync_clk
    SLICE_X13Y53         FDRE                                         r  zynq_PS_i/rst_ps7_0_50M/U0/ACTIVE_LOW_PR_OUT_DFF[0].FDRE_PER_N/C
  -------------------------------------------------------------------    -------------------
    SLICE_X13Y53         FDRE (Prop_fdre_C_Q)         0.379     2.878 r  zynq_PS_i/rst_ps7_0_50M/U0/ACTIVE_LOW_PR_OUT_DFF[0].FDRE_PER_N/Q
                         net (fo=10, routed)          0.474     3.352    zynq_PS_i/axi_smc/inst/sc_ul/inst/cdc_aresetn/src_rst
    SLICE_X11Y50         FDRE                                         r  zynq_PS_i/axi_smc/inst/sc_ul/inst/cdc_aresetn/syncstages_ff_reg[0]/D
  -------------------------------------------------------------------    -------------------

                         (clock clk_fpga_0 rise edge)
                                                      0.000     0.000 r  <hidden>
    PS7_X0Y0             PS7                          0.000     0.000 r  zynq_PS_i/processing_system7_0/inst/PS7_i/FCLKCLK[0]
                         net (fo=1, routed)           0.915     0.915    zynq_PS_i/processing_system7_0/inst/FCLK_CLK_unbuffered[0]
    BUFGCTRL_X0Y0        BUFG (Prop_bufg_I_O)         0.077     0.992 r  zynq_PS_i/processing_system7_0/inst/buffer_fclk_clk_0.FCLK_CLK_0_BUFG/O
                         net (fo=802, routed)         1.248     2.241    zynq_PS_i/axi_smc/inst/sc_ul/inst/cdc_aresetn/dest_clk
    SLICE_X11Y50         FDRE                                         r  zynq_PS_i/axi_smc/inst/sc_ul/inst/cdc_aresetn/syncstages_ff_reg[0]/C





Min Delay Paths
--------------------------------------------------------------------------------------
Slack:                    inf
  Source:                 zynq_PS_i/rst_ps7_0_50M/U0/ACTIVE_LOW_PR_OUT_DFF[0].FDRE_PER_N/C
                            (rising edge-triggered cell FDRE clocked by clk_fpga_0  {rise@0.000ns fall@10.000ns period=20.000ns})
  Destination:            zynq_PS_i/axi_smc/inst/sc_ul/inst/cdc_aresetn/syncstages_ff_reg[0]/D
                            (rising edge-triggered cell FDRE clocked by clk_fpga_0  {rise@0.000ns fall@10.000ns period=20.000ns})
  Path Group:             (none)
  Path Type:              Hold (Min at Fast Process Corner)
  Data Path Delay:        0.354ns  (logic 0.141ns (39.885%)  route 0.213ns (60.115%))
  Logic Levels:           0  
  Clock Path Skew:        0.299ns (DCD - SCD - CPR)
    Destination Clock Delay (DCD):    1.204ns
    Source Clock Delay      (SCD):    0.905ns
    Clock Pessimism Removal (CPR):    -0.000ns
  Clock Uncertainty:      0.302ns  ((TSJ^2 + TIJ^2)^1/2 + DJ) / 2 + PE
    Total System Jitter     (TSJ):    0.071ns
    Total Input Jitter      (TIJ):    0.600ns
    Discrete Jitter          (DJ):    0.000ns
    Phase Error              (PE):    0.000ns
  Timing Exception:       False Path

    Location             Delay type                Incr(ns)  Path(ns)    Netlist Resource(s)
  -------------------------------------------------------------------    -------------------
                         (clock clk_fpga_0 rise edge)
                                                      0.000     0.000 r  <hidden>
    PS7_X0Y0             PS7                          0.000     0.000 r  zynq_PS_i/processing_system7_0/inst/PS7_i/FCLKCLK[0]
                         net (fo=1, routed)           0.315     0.315    zynq_PS_i/processing_system7_0/inst/FCLK_CLK_unbuffered[0]
    BUFGCTRL_X0Y0        BUFG (Prop_bufg_I_O)         0.026     0.341 r  zynq_PS_i/processing_system7_0/inst/buffer_fclk_clk_0.FCLK_CLK_0_BUFG/O
                         net (fo=802, routed)         0.564     0.905    zynq_PS_i/rst_ps7_0_50M/U0/slowest_sync_clk
    SLICE_X13Y53         FDRE                                         r  zynq_PS_i/rst_ps7_0_50M/U0/ACTIVE_LOW_PR_OUT_DFF[0].FDRE_PER_N/C
  -------------------------------------------------------------------    -------------------
    SLICE_X13Y53         FDRE (Prop_fdre_C_Q)         0.141     1.046 r  zynq_PS_i/rst_ps7_0_50M/U0/ACTIVE_LOW_PR_OUT_DFF[0].FDRE_PER_N/Q
                         net (fo=10, routed)          0.213     1.258    zynq_PS_i/axi_smc/inst/sc_ul/inst/cdc_aresetn/src_rst
    SLICE_X11Y50         FDRE                                         r  zynq_PS_i/axi_smc/inst/sc_ul/inst/cdc_aresetn/syncstages_ff_reg[0]/D
  -------------------------------------------------------------------    -------------------

                         (clock clk_fpga_0 rise edge)
                                                      0.000     0.000 r  <hidden>
    PS7_X0Y0             PS7                          0.000     0.000 r  zynq_PS_i/processing_system7_0/inst/PS7_i/FCLKCLK[0]
                         net (fo=1, routed)           0.341     0.341    zynq_PS_i/processing_system7_0/inst/FCLK_CLK_unbuffered[0]
    BUFGCTRL_X0Y0        BUFG (Prop_bufg_I_O)         0.029     0.370 r  zynq_PS_i/processing_system7_0/inst/buffer_fclk_clk_0.FCLK_CLK_0_BUFG/O
                         net (fo=802, routed)         0.834     1.204    zynq_PS_i/axi_smc/inst/sc_ul/inst/cdc_aresetn/dest_clk
    SLICE_X11Y50         FDRE                                         r  zynq_PS_i/axi_smc/inst/sc_ul/inst/cdc_aresetn/syncstages_ff_reg[0]/C





--------------------------------------------------------------------------------------
Path Group:  (none)
From Clock:  clk_fpga_0
  To Clock:  

Max Delay             8 Endpoints
Min Delay             8 Endpoints
--------------------------------------------------------------------------------------


Max Delay Paths
--------------------------------------------------------------------------------------
Slack:                    inf
  Source:                 zynq_PS_i/axi_gpio_0/U0/gpio_core_1/Dual.gpio_Data_Out_reg[6]_lopt_replica/C
                            (rising edge-triggered cell FDRE clocked by clk_fpga_0  {rise@0.000ns fall@10.000ns period=20.000ns})
  Destination:            LED_tri_o[1]
                            (output port)
  Path Group:             (none)
  Path Type:              Max at Slow Process Corner
  Data Path Delay:        6.732ns  (logic 3.667ns (54.462%)  route 3.066ns (45.538%))
  Logic Levels:           1  (OBUF=1)
  Clock Uncertainty:      0.301ns  ((TSJ^2 + TIJ^2)^1/2 + DJ) / 2 + PE
    Total System Jitter     (TSJ):    0.050ns
    Total Input Jitter      (TIJ):    0.600ns
    Discrete Jitter          (DJ):    0.000ns
    Phase Error              (PE):    0.000ns

    Location             Delay type                Incr(ns)  Path(ns)    Netlist Resource(s)
  -------------------------------------------------------------------    -------------------
                         (clock clk_fpga_0 rise edge)
                                                      0.000     0.000 r  <hidden>
    PS7_X0Y0             PS7                          0.000     0.000 r  zynq_PS_i/processing_system7_0/inst/PS7_i/FCLKCLK[0]
                         net (fo=1, routed)           1.008     1.008    zynq_PS_i/processing_system7_0/inst/FCLK_CLK_unbuffered[0]
    BUFGCTRL_X0Y0        BUFG (Prop_bufg_I_O)         0.085     1.093 r  zynq_PS_i/processing_system7_0/inst/buffer_fclk_clk_0.FCLK_CLK_0_BUFG/O
                         net (fo=802, routed)         1.410     2.503    zynq_PS_i/axi_gpio_0/U0/gpio_core_1/s_axi_aclk
    SLICE_X19Y39         FDRE                                         r  zynq_PS_i/axi_gpio_0/U0/gpio_core_1/Dual.gpio_Data_Out_reg[6]_lopt_replica/C
  -------------------------------------------------------------------    -------------------
    SLICE_X19Y39         FDRE (Prop_fdre_C_Q)         0.379     2.882 r  zynq_PS_i/axi_gpio_0/U0/gpio_core_1/Dual.gpio_Data_Out_reg[6]_lopt_replica/Q
                         net (fo=1, routed)           3.066     5.948    lopt_1
    P18                  OBUF (Prop_obuf_I_O)         3.288     9.235 r  LED_tri_o_OBUF[1]_inst/O
                         net (fo=0)                   0.000     9.235    LED_tri_o[1]
    P18                                                               r  LED_tri_o[1]
  -------------------------------------------------------------------    -------------------

Slack:                    inf
  Source:                 zynq_PS_i/axi_gpio_0/U0/gpio_core_1/Dual.gpio_Data_Out_reg[7]_lopt_replica/C
                            (rising edge-triggered cell FDRE clocked by clk_fpga_0  {rise@0.000ns fall@10.000ns period=20.000ns})
  Destination:            LED_tri_o[0]
                            (output port)
  Path Group:             (none)
  Path Type:              Max at Slow Process Corner
  Data Path Delay:        6.723ns  (logic 3.675ns (54.667%)  route 3.048ns (45.333%))
  Logic Levels:           1  (OBUF=1)
  Clock Uncertainty:      0.301ns  ((TSJ^2 + TIJ^2)^1/2 + DJ) / 2 + PE
    Total System Jitter     (TSJ):    0.050ns
    Total Input Jitter      (TIJ):    0.600ns
    Discrete Jitter          (DJ):    0.000ns
    Phase Error              (PE):    0.000ns

    Location             Delay type                Incr(ns)  Path(ns)    Netlist Resource(s)
  -------------------------------------------------------------------    -------------------
                         (clock clk_fpga_0 rise edge)
                                                      0.000     0.000 r  <hidden>
    PS7_X0Y0             PS7                          0.000     0.000 r  zynq_PS_i/processing_system7_0/inst/PS7_i/FCLKCLK[0]
                         net (fo=1, routed)           1.008     1.008    zynq_PS_i/processing_system7_0/inst/FCLK_CLK_unbuffered[0]
    BUFGCTRL_X0Y0        BUFG (Prop_bufg_I_O)         0.085     1.093 r  zynq_PS_i/processing_system7_0/inst/buffer_fclk_clk_0.FCLK_CLK_0_BUFG/O
                         net (fo=802, routed)         1.410     2.503    zynq_PS_i/axi_gpio_0/U0/gpio_core_1/s_axi_aclk
    SLICE_X19Y39         FDRE                                         r  zynq_PS_i/axi_gpio_0/U0/gpio_core_1/Dual.gpio_Data_Out_reg[7]_lopt_replica/C
  -------------------------------------------------------------------    -------------------
    SLICE_X19Y39         FDRE (Prop_fdre_C_Q)         0.379     2.882 r  zynq_PS_i/axi_gpio_0/U0/gpio_core_1/Dual.gpio_Data_Out_reg[7]_lopt_replica/Q
                         net (fo=1, routed)           3.048     5.930    lopt
    N17                  OBUF (Prop_obuf_I_O)         3.296     9.226 r  LED_tri_o_OBUF[0]_inst/O
                         net (fo=0)                   0.000     9.226    LED_tri_o[0]
    N17                                                               r  LED_tri_o[0]
  -------------------------------------------------------------------    -------------------

Slack:                    inf
  Source:                 zynq_PS_i/axi_gpio_0/U0/gpio_core_1/Dual.gpio_Data_Out_reg[0]_lopt_replica/C
                            (rising edge-triggered cell FDRE clocked by clk_fpga_0  {rise@0.000ns fall@10.000ns period=20.000ns})
  Destination:            LED_tri_o[7]
                            (output port)
  Path Group:             (none)
  Path Type:              Max at Slow Process Corner
  Data Path Delay:        6.676ns  (logic 3.651ns (54.689%)  route 3.025ns (45.311%))
  Logic Levels:           1  (OBUF=1)
  Clock Uncertainty:      0.301ns  ((TSJ^2 + TIJ^2)^1/2 + DJ) / 2 + PE
    Total System Jitter     (TSJ):    0.050ns
    Total Input Jitter      (TIJ):    0.600ns
    Discrete Jitter          (DJ):    0.000ns
    Phase Error              (PE):    0.000ns

    Location             Delay type                Incr(ns)  Path(ns)    Netlist Resource(s)
  -------------------------------------------------------------------    -------------------
                         (clock clk_fpga_0 rise edge)
                                                      0.000     0.000 r  <hidden>
    PS7_X0Y0             PS7                          0.000     0.000 r  zynq_PS_i/processing_system7_0/inst/PS7_i/FCLKCLK[0]
                         net (fo=1, routed)           1.008     1.008    zynq_PS_i/processing_system7_0/inst/FCLK_CLK_unbuffered[0]
    BUFGCTRL_X0Y0        BUFG (Prop_bufg_I_O)         0.085     1.093 r  zynq_PS_i/processing_system7_0/inst/buffer_fclk_clk_0.FCLK_CLK_0_BUFG/O
                         net (fo=802, routed)         1.410     2.503    zynq_PS_i/axi_gpio_0/U0/gpio_core_1/s_axi_aclk
    SLICE_X18Y39         FDRE                                         r  zynq_PS_i/axi_gpio_0/U0/gpio_core_1/Dual.gpio_Data_Out_reg[0]_lopt_replica/C
  -------------------------------------------------------------------    -------------------
    SLICE_X18Y39         FDRE (Prop_fdre_C_Q)         0.379     2.882 r  zynq_PS_i/axi_gpio_0/U0/gpio_core_1/Dual.gpio_Data_Out_reg[0]_lopt_replica/Q
                         net (fo=1, routed)           3.025     5.907    lopt_7
    W19                  OBUF (Prop_obuf_I_O)         3.272     9.179 r  LED_tri_o_OBUF[7]_inst/O
                         net (fo=0)                   0.000     9.179    LED_tri_o[7]
    W19                                                               r  LED_tri_o[7]
  -------------------------------------------------------------------    -------------------

Slack:                    inf
  Source:                 zynq_PS_i/axi_gpio_0/U0/gpio_core_1/Dual.gpio_Data_Out_reg[1]_lopt_replica/C
                            (rising edge-triggered cell FDRE clocked by clk_fpga_0  {rise@0.000ns fall@10.000ns period=20.000ns})
  Destination:            LED_tri_o[6]
                            (output port)
  Path Group:             (none)
  Path Type:              Max at Slow Process Corner
  Data Path Delay:        6.542ns  (logic 3.652ns (55.833%)  route 2.889ns (44.167%))
  Logic Levels:           1  (OBUF=1)
  Clock Uncertainty:      0.301ns  ((TSJ^2 + TIJ^2)^1/2 + DJ) / 2 + PE
    Total System Jitter     (TSJ):    0.050ns
    Total Input Jitter      (TIJ):    0.600ns
    Discrete Jitter          (DJ):    0.000ns
    Phase Error              (PE):    0.000ns

    Location             Delay type                Incr(ns)  Path(ns)    Netlist Resource(s)
  -------------------------------------------------------------------    -------------------
                         (clock clk_fpga_0 rise edge)
                                                      0.000     0.000 r  <hidden>
    PS7_X0Y0             PS7                          0.000     0.000 r  zynq_PS_i/processing_system7_0/inst/PS7_i/FCLKCLK[0]
                         net (fo=1, routed)           1.008     1.008    zynq_PS_i/processing_system7_0/inst/FCLK_CLK_unbuffered[0]
    BUFGCTRL_X0Y0        BUFG (Prop_bufg_I_O)         0.085     1.093 r  zynq_PS_i/processing_system7_0/inst/buffer_fclk_clk_0.FCLK_CLK_0_BUFG/O
                         net (fo=802, routed)         1.410     2.503    zynq_PS_i/axi_gpio_0/U0/gpio_core_1/s_axi_aclk
    SLICE_X18Y39         FDRE                                         r  zynq_PS_i/axi_gpio_0/U0/gpio_core_1/Dual.gpio_Data_Out_reg[1]_lopt_replica/C
  -------------------------------------------------------------------    -------------------
    SLICE_X18Y39         FDRE (Prop_fdre_C_Q)         0.379     2.882 r  zynq_PS_i/axi_gpio_0/U0/gpio_core_1/Dual.gpio_Data_Out_reg[1]_lopt_replica/Q
                         net (fo=1, routed)           2.889     5.771    lopt_6
    W18                  OBUF (Prop_obuf_I_O)         3.273     9.045 r  LED_tri_o_OBUF[6]_inst/O
                         net (fo=0)                   0.000     9.045    LED_tri_o[6]
    W18                                                               r  LED_tri_o[6]
  -------------------------------------------------------------------    -------------------

Slack:                    inf
  Source:                 zynq_PS_i/axi_gpio_0/U0/gpio_core_1/Dual.gpio_Data_Out_reg[4]_lopt_replica/C
                            (rising edge-triggered cell FDRE clocked by clk_fpga_0  {rise@0.000ns fall@10.000ns period=20.000ns})
  Destination:            LED_tri_o[3]
                            (output port)
  Path Group:             (none)
  Path Type:              Max at Slow Process Corner
  Data Path Delay:        6.535ns  (logic 3.680ns (56.320%)  route 2.854ns (43.680%))
  Logic Levels:           1  (OBUF=1)
  Clock Uncertainty:      0.301ns  ((TSJ^2 + TIJ^2)^1/2 + DJ) / 2 + PE
    Total System Jitter     (TSJ):    0.050ns
    Total Input Jitter      (TIJ):    0.600ns
    Discrete Jitter          (DJ):    0.000ns
    Phase Error              (PE):    0.000ns

    Location             Delay type                Incr(ns)  Path(ns)    Netlist Resource(s)
  -------------------------------------------------------------------    -------------------
                         (clock clk_fpga_0 rise edge)
                                                      0.000     0.000 r  <hidden>
    PS7_X0Y0             PS7                          0.000     0.000 r  zynq_PS_i/processing_system7_0/inst/PS7_i/FCLKCLK[0]
                         net (fo=1, routed)           1.008     1.008    zynq_PS_i/processing_system7_0/inst/FCLK_CLK_unbuffered[0]
    BUFGCTRL_X0Y0        BUFG (Prop_bufg_I_O)         0.085     1.093 r  zynq_PS_i/processing_system7_0/inst/buffer_fclk_clk_0.FCLK_CLK_0_BUFG/O
                         net (fo=802, routed)         1.408     2.501    zynq_PS_i/axi_gpio_0/U0/gpio_core_1/s_axi_aclk
    SLICE_X20Y39         FDRE                                         r  zynq_PS_i/axi_gpio_0/U0/gpio_core_1/Dual.gpio_Data_Out_reg[4]_lopt_replica/C
  -------------------------------------------------------------------    -------------------
    SLICE_X20Y39         FDRE (Prop_fdre_C_Q)         0.433     2.934 r  zynq_PS_i/axi_gpio_0/U0/gpio_core_1/Dual.gpio_Data_Out_reg[4]_lopt_replica/Q
                         net (fo=1, routed)           2.854     5.788    lopt_3
    R17                  OBUF (Prop_obuf_I_O)         3.247     9.036 r  LED_tri_o_OBUF[3]_inst/O
                         net (fo=0)                   0.000     9.036    LED_tri_o[3]
    R17                                                               r  LED_tri_o[3]
  -------------------------------------------------------------------    -------------------

Slack:                    inf
  Source:                 zynq_PS_i/axi_gpio_0/U0/gpio_core_1/Dual.gpio_Data_Out_reg[5]_lopt_replica/C
                            (rising edge-triggered cell FDRE clocked by clk_fpga_0  {rise@0.000ns fall@10.000ns period=20.000ns})
  Destination:            LED_tri_o[2]
                            (output port)
  Path Group:             (none)
  Path Type:              Max at Slow Process Corner
  Data Path Delay:        6.347ns  (logic 3.630ns (57.194%)  route 2.717ns (42.806%))
  Logic Levels:           1  (OBUF=1)
  Clock Uncertainty:      0.301ns  ((TSJ^2 + TIJ^2)^1/2 + DJ) / 2 + PE
    Total System Jitter     (TSJ):    0.050ns
    Total Input Jitter      (TIJ):    0.600ns
    Discrete Jitter          (DJ):    0.000ns
    Phase Error              (PE):    0.000ns

    Location             Delay type                Incr(ns)  Path(ns)    Netlist Resource(s)
  -------------------------------------------------------------------    -------------------
                         (clock clk_fpga_0 rise edge)
                                                      0.000     0.000 r  <hidden>
    PS7_X0Y0             PS7                          0.000     0.000 r  zynq_PS_i/processing_system7_0/inst/PS7_i/FCLKCLK[0]
                         net (fo=1, routed)           1.008     1.008    zynq_PS_i/processing_system7_0/inst/FCLK_CLK_unbuffered[0]
    BUFGCTRL_X0Y0        BUFG (Prop_bufg_I_O)         0.085     1.093 r  zynq_PS_i/processing_system7_0/inst/buffer_fclk_clk_0.FCLK_CLK_0_BUFG/O
                         net (fo=802, routed)         1.410     2.503    zynq_PS_i/axi_gpio_0/U0/gpio_core_1/s_axi_aclk
    SLICE_X19Y39         FDRE                                         r  zynq_PS_i/axi_gpio_0/U0/gpio_core_1/Dual.gpio_Data_Out_reg[5]_lopt_replica/C
  -------------------------------------------------------------------    -------------------
    SLICE_X19Y39         FDRE (Prop_fdre_C_Q)         0.379     2.882 r  zynq_PS_i/axi_gpio_0/U0/gpio_core_1/Dual.gpio_Data_Out_reg[5]_lopt_replica/Q
                         net (fo=1, routed)           2.717     5.599    lopt_2
    R16                  OBUF (Prop_obuf_I_O)         3.251     8.850 r  LED_tri_o_OBUF[2]_inst/O
                         net (fo=0)                   0.000     8.850    LED_tri_o[2]
    R16                                                               r  LED_tri_o[2]
  -------------------------------------------------------------------    -------------------

Slack:                    inf
  Source:                 zynq_PS_i/axi_gpio_0/U0/gpio_core_1/Dual.gpio_Data_Out_reg[3]_lopt_replica/C
                            (rising edge-triggered cell FDRE clocked by clk_fpga_0  {rise@0.000ns fall@10.000ns period=20.000ns})
  Destination:            LED_tri_o[4]
                            (output port)
  Path Group:             (none)
  Path Type:              Max at Slow Process Corner
  Data Path Delay:        5.903ns  (logic 3.762ns (63.718%)  route 2.142ns (36.283%))
  Logic Levels:           1  (OBUF=1)
  Clock Uncertainty:      0.301ns  ((TSJ^2 + TIJ^2)^1/2 + DJ) / 2 + PE
    Total System Jitter     (TSJ):    0.050ns
    Total Input Jitter      (TIJ):    0.600ns
    Discrete Jitter          (DJ):    0.000ns
    Phase Error              (PE):    0.000ns

    Location             Delay type                Incr(ns)  Path(ns)    Netlist Resource(s)
  -------------------------------------------------------------------    -------------------
                         (clock clk_fpga_0 rise edge)
                                                      0.000     0.000 r  <hidden>
    PS7_X0Y0             PS7                          0.000     0.000 r  zynq_PS_i/processing_system7_0/inst/PS7_i/FCLKCLK[0]
                         net (fo=1, routed)           1.008     1.008    zynq_PS_i/processing_system7_0/inst/FCLK_CLK_unbuffered[0]
    BUFGCTRL_X0Y0        BUFG (Prop_bufg_I_O)         0.085     1.093 r  zynq_PS_i/processing_system7_0/inst/buffer_fclk_clk_0.FCLK_CLK_0_BUFG/O
                         net (fo=802, routed)         1.408     2.501    zynq_PS_i/axi_gpio_0/U0/gpio_core_1/s_axi_aclk
    SLICE_X20Y39         FDRE                                         r  zynq_PS_i/axi_gpio_0/U0/gpio_core_1/Dual.gpio_Data_Out_reg[3]_lopt_replica/C
  -------------------------------------------------------------------    -------------------
    SLICE_X20Y39         FDRE (Prop_fdre_C_Q)         0.433     2.934 r  zynq_PS_i/axi_gpio_0/U0/gpio_core_1/Dual.gpio_Data_Out_reg[3]_lopt_replica/Q
                         net (fo=1, routed)           2.142     5.076    lopt_4
    T16                  OBUF (Prop_obuf_I_O)         3.329     8.404 r  LED_tri_o_OBUF[4]_inst/O
                         net (fo=0)                   0.000     8.404    LED_tri_o[4]
    T16                                                               r  LED_tri_o[4]
  -------------------------------------------------------------------    -------------------

Slack:                    inf
  Source:                 zynq_PS_i/axi_gpio_0/U0/gpio_core_1/Dual.gpio_Data_Out_reg[2]_lopt_replica/C
                            (rising edge-triggered cell FDRE clocked by clk_fpga_0  {rise@0.000ns fall@10.000ns period=20.000ns})
  Destination:            LED_tri_o[5]
                            (output port)
  Path Group:             (none)
  Path Type:              Max at Slow Process Corner
  Data Path Delay:        5.859ns  (logic 3.704ns (63.221%)  route 2.155ns (36.779%))
  Logic Levels:           1  (OBUF=1)
  Clock Uncertainty:      0.301ns  ((TSJ^2 + TIJ^2)^1/2 + DJ) / 2 + PE
    Total System Jitter     (TSJ):    0.050ns
    Total Input Jitter      (TIJ):    0.600ns
    Discrete Jitter          (DJ):    0.000ns
    Phase Error              (PE):    0.000ns

    Location             Delay type                Incr(ns)  Path(ns)    Netlist Resource(s)
  -------------------------------------------------------------------    -------------------
                         (clock clk_fpga_0 rise edge)
                                                      0.000     0.000 r  <hidden>
    PS7_X0Y0             PS7                          0.000     0.000 r  zynq_PS_i/processing_system7_0/inst/PS7_i/FCLKCLK[0]
                         net (fo=1, routed)           1.008     1.008    zynq_PS_i/processing_system7_0/inst/FCLK_CLK_unbuffered[0]
    BUFGCTRL_X0Y0        BUFG (Prop_bufg_I_O)         0.085     1.093 r  zynq_PS_i/processing_system7_0/inst/buffer_fclk_clk_0.FCLK_CLK_0_BUFG/O
                         net (fo=802, routed)         1.408     2.501    zynq_PS_i/axi_gpio_0/U0/gpio_core_1/s_axi_aclk
    SLICE_X21Y39         FDRE                                         r  zynq_PS_i/axi_gpio_0/U0/gpio_core_1/Dual.gpio_Data_Out_reg[2]_lopt_replica/C
  -------------------------------------------------------------------    -------------------
    SLICE_X21Y39         FDRE (Prop_fdre_C_Q)         0.379     2.880 r  zynq_PS_i/axi_gpio_0/U0/gpio_core_1/Dual.gpio_Data_Out_reg[2]_lopt_replica/Q
                         net (fo=1, routed)           2.155     5.035    lopt_5
    U17                  OBUF (Prop_obuf_I_O)         3.325     8.360 r  LED_tri_o_OBUF[5]_inst/O
                         net (fo=0)                   0.000     8.360    LED_tri_o[5]
    U17                                                               r  LED_tri_o[5]
  -------------------------------------------------------------------    -------------------





Min Delay Paths
--------------------------------------------------------------------------------------
Slack:                    inf
  Source:                 zynq_PS_i/axi_gpio_0/U0/gpio_core_1/Dual.gpio_Data_Out_reg[2]_lopt_replica/C
                            (rising edge-triggered cell FDRE clocked by clk_fpga_0  {rise@0.000ns fall@10.000ns period=20.000ns})
  Destination:            LED_tri_o[5]
                            (output port)
  Path Group:             (none)
  Path Type:              Min at Fast Process Corner
  Data Path Delay:        2.212ns  (logic 1.421ns (64.242%)  route 0.791ns (35.758%))
  Logic Levels:           1  (OBUF=1)
  Clock Uncertainty:      0.301ns  ((TSJ^2 + TIJ^2)^1/2 + DJ) / 2 + PE
    Total System Jitter     (TSJ):    0.050ns
    Total Input Jitter      (TIJ):    0.600ns
    Discrete Jitter          (DJ):    0.000ns
    Phase Error              (PE):    0.000ns

    Location             Delay type                Incr(ns)  Path(ns)    Netlist Resource(s)
  -------------------------------------------------------------------    -------------------
                         (clock clk_fpga_0 rise edge)
                                                      0.000     0.000 r  <hidden>
    PS7_X0Y0             PS7                          0.000     0.000 r  zynq_PS_i/processing_system7_0/inst/PS7_i/FCLKCLK[0]
                         net (fo=1, routed)           0.315     0.315    zynq_PS_i/processing_system7_0/inst/FCLK_CLK_unbuffered[0]
    BUFGCTRL_X0Y0        BUFG (Prop_bufg_I_O)         0.026     0.341 r  zynq_PS_i/processing_system7_0/inst/buffer_fclk_clk_0.FCLK_CLK_0_BUFG/O
                         net (fo=802, routed)         0.558     0.899    zynq_PS_i/axi_gpio_0/U0/gpio_core_1/s_axi_aclk
    SLICE_X21Y39         FDRE                                         r  zynq_PS_i/axi_gpio_0/U0/gpio_core_1/Dual.gpio_Data_Out_reg[2]_lopt_replica/C
  -------------------------------------------------------------------    -------------------
    SLICE_X21Y39         FDRE (Prop_fdre_C_Q)         0.141     1.039 r  zynq_PS_i/axi_gpio_0/U0/gpio_core_1/Dual.gpio_Data_Out_reg[2]_lopt_replica/Q
                         net (fo=1, routed)           0.791     1.831    lopt_5
    U17                  OBUF (Prop_obuf_I_O)         1.280     3.111 r  LED_tri_o_OBUF[5]_inst/O
                         net (fo=0)                   0.000     3.111    LED_tri_o[5]
    U17                                                               r  LED_tri_o[5]
  -------------------------------------------------------------------    -------------------

Slack:                    inf
  Source:                 zynq_PS_i/axi_gpio_0/U0/gpio_core_1/Dual.gpio_Data_Out_reg[3]_lopt_replica/C
                            (rising edge-triggered cell FDRE clocked by clk_fpga_0  {rise@0.000ns fall@10.000ns period=20.000ns})
  Destination:            LED_tri_o[4]
                            (output port)
  Path Group:             (none)
  Path Type:              Min at Fast Process Corner
  Data Path Delay:        2.220ns  (logic 1.447ns (65.187%)  route 0.773ns (34.813%))
  Logic Levels:           1  (OBUF=1)
  Clock Uncertainty:      0.301ns  ((TSJ^2 + TIJ^2)^1/2 + DJ) / 2 + PE
    Total System Jitter     (TSJ):    0.050ns
    Total Input Jitter      (TIJ):    0.600ns
    Discrete Jitter          (DJ):    0.000ns
    Phase Error              (PE):    0.000ns

    Location             Delay type                Incr(ns)  Path(ns)    Netlist Resource(s)
  -------------------------------------------------------------------    -------------------
                         (clock clk_fpga_0 rise edge)
                                                      0.000     0.000 r  <hidden>
    PS7_X0Y0             PS7                          0.000     0.000 r  zynq_PS_i/processing_system7_0/inst/PS7_i/FCLKCLK[0]
                         net (fo=1, routed)           0.315     0.315    zynq_PS_i/processing_system7_0/inst/FCLK_CLK_unbuffered[0]
    BUFGCTRL_X0Y0        BUFG (Prop_bufg_I_O)         0.026     0.341 r  zynq_PS_i/processing_system7_0/inst/buffer_fclk_clk_0.FCLK_CLK_0_BUFG/O
                         net (fo=802, routed)         0.558     0.899    zynq_PS_i/axi_gpio_0/U0/gpio_core_1/s_axi_aclk
    SLICE_X20Y39         FDRE                                         r  zynq_PS_i/axi_gpio_0/U0/gpio_core_1/Dual.gpio_Data_Out_reg[3]_lopt_replica/C
  -------------------------------------------------------------------    -------------------
    SLICE_X20Y39         FDRE (Prop_fdre_C_Q)         0.164     1.062 r  zynq_PS_i/axi_gpio_0/U0/gpio_core_1/Dual.gpio_Data_Out_reg[3]_lopt_replica/Q
                         net (fo=1, routed)           0.773     1.835    lopt_4
    T16                  OBUF (Prop_obuf_I_O)         1.283     3.119 r  LED_tri_o_OBUF[4]_inst/O
                         net (fo=0)                   0.000     3.119    LED_tri_o[4]
    T16                                                               r  LED_tri_o[4]
  -------------------------------------------------------------------    -------------------

Slack:                    inf
  Source:                 zynq_PS_i/axi_gpio_0/U0/gpio_core_1/Dual.gpio_Data_Out_reg[5]_lopt_replica/C
                            (rising edge-triggered cell FDRE clocked by clk_fpga_0  {rise@0.000ns fall@10.000ns period=20.000ns})
  Destination:            LED_tri_o[2]
                            (output port)
  Path Group:             (none)
  Path Type:              Min at Fast Process Corner
  Data Path Delay:        2.451ns  (logic 1.348ns (54.993%)  route 1.103ns (45.007%))
  Logic Levels:           1  (OBUF=1)
  Clock Uncertainty:      0.301ns  ((TSJ^2 + TIJ^2)^1/2 + DJ) / 2 + PE
    Total System Jitter     (TSJ):    0.050ns
    Total Input Jitter      (TIJ):    0.600ns
    Discrete Jitter          (DJ):    0.000ns
    Phase Error              (PE):    0.000ns

    Location             Delay type                Incr(ns)  Path(ns)    Netlist Resource(s)
  -------------------------------------------------------------------    -------------------
                         (clock clk_fpga_0 rise edge)
                                                      0.000     0.000 r  <hidden>
    PS7_X0Y0             PS7                          0.000     0.000 r  zynq_PS_i/processing_system7_0/inst/PS7_i/FCLKCLK[0]
                         net (fo=1, routed)           0.315     0.315    zynq_PS_i/processing_system7_0/inst/FCLK_CLK_unbuffered[0]
    BUFGCTRL_X0Y0        BUFG (Prop_bufg_I_O)         0.026     0.341 r  zynq_PS_i/processing_system7_0/inst/buffer_fclk_clk_0.FCLK_CLK_0_BUFG/O
                         net (fo=802, routed)         0.561     0.901    zynq_PS_i/axi_gpio_0/U0/gpio_core_1/s_axi_aclk
    SLICE_X19Y39         FDRE                                         r  zynq_PS_i/axi_gpio_0/U0/gpio_core_1/Dual.gpio_Data_Out_reg[5]_lopt_replica/C
  -------------------------------------------------------------------    -------------------
    SLICE_X19Y39         FDRE (Prop_fdre_C_Q)         0.141     1.043 r  zynq_PS_i/axi_gpio_0/U0/gpio_core_1/Dual.gpio_Data_Out_reg[5]_lopt_replica/Q
                         net (fo=1, routed)           1.103     2.146    lopt_2
    R16                  OBUF (Prop_obuf_I_O)         1.207     3.353 r  LED_tri_o_OBUF[2]_inst/O
                         net (fo=0)                   0.000     3.353    LED_tri_o[2]
    R16                                                               r  LED_tri_o[2]
  -------------------------------------------------------------------    -------------------

Slack:                    inf
  Source:                 zynq_PS_i/axi_gpio_0/U0/gpio_core_1/Dual.gpio_Data_Out_reg[4]_lopt_replica/C
                            (rising edge-triggered cell FDRE clocked by clk_fpga_0  {rise@0.000ns fall@10.000ns period=20.000ns})
  Destination:            LED_tri_o[3]
                            (output port)
  Path Group:             (none)
  Path Type:              Min at Fast Process Corner
  Data Path Delay:        2.528ns  (logic 1.367ns (54.066%)  route 1.161ns (45.934%))
  Logic Levels:           1  (OBUF=1)
  Clock Uncertainty:      0.301ns  ((TSJ^2 + TIJ^2)^1/2 + DJ) / 2 + PE
    Total System Jitter     (TSJ):    0.050ns
    Total Input Jitter      (TIJ):    0.600ns
    Discrete Jitter          (DJ):    0.000ns
    Phase Error              (PE):    0.000ns

    Location             Delay type                Incr(ns)  Path(ns)    Netlist Resource(s)
  -------------------------------------------------------------------    -------------------
                         (clock clk_fpga_0 rise edge)
                                                      0.000     0.000 r  <hidden>
    PS7_X0Y0             PS7                          0.000     0.000 r  zynq_PS_i/processing_system7_0/inst/PS7_i/FCLKCLK[0]
                         net (fo=1, routed)           0.315     0.315    zynq_PS_i/processing_system7_0/inst/FCLK_CLK_unbuffered[0]
    BUFGCTRL_X0Y0        BUFG (Prop_bufg_I_O)         0.026     0.341 r  zynq_PS_i/processing_system7_0/inst/buffer_fclk_clk_0.FCLK_CLK_0_BUFG/O
                         net (fo=802, routed)         0.558     0.899    zynq_PS_i/axi_gpio_0/U0/gpio_core_1/s_axi_aclk
    SLICE_X20Y39         FDRE                                         r  zynq_PS_i/axi_gpio_0/U0/gpio_core_1/Dual.gpio_Data_Out_reg[4]_lopt_replica/C
  -------------------------------------------------------------------    -------------------
    SLICE_X20Y39         FDRE (Prop_fdre_C_Q)         0.164     1.062 r  zynq_PS_i/axi_gpio_0/U0/gpio_core_1/Dual.gpio_Data_Out_reg[4]_lopt_replica/Q
                         net (fo=1, routed)           1.161     2.224    lopt_3
    R17                  OBUF (Prop_obuf_I_O)         1.203     3.427 r  LED_tri_o_OBUF[3]_inst/O
                         net (fo=0)                   0.000     3.427    LED_tri_o[3]
    R17                                                               r  LED_tri_o[3]
  -------------------------------------------------------------------    -------------------

Slack:                    inf
  Source:                 zynq_PS_i/axi_gpio_0/U0/gpio_core_1/Dual.gpio_Data_Out_reg[1]_lopt_replica/C
                            (rising edge-triggered cell FDRE clocked by clk_fpga_0  {rise@0.000ns fall@10.000ns period=20.000ns})
  Destination:            LED_tri_o[6]
                            (output port)
  Path Group:             (none)
  Path Type:              Min at Fast Process Corner
  Data Path Delay:        2.567ns  (logic 1.370ns (53.358%)  route 1.197ns (46.642%))
  Logic Levels:           1  (OBUF=1)
  Clock Uncertainty:      0.301ns  ((TSJ^2 + TIJ^2)^1/2 + DJ) / 2 + PE
    Total System Jitter     (TSJ):    0.050ns
    Total Input Jitter      (TIJ):    0.600ns
    Discrete Jitter          (DJ):    0.000ns
    Phase Error              (PE):    0.000ns

    Location             Delay type                Incr(ns)  Path(ns)    Netlist Resource(s)
  -------------------------------------------------------------------    -------------------
                         (clock clk_fpga_0 rise edge)
                                                      0.000     0.000 r  <hidden>
    PS7_X0Y0             PS7                          0.000     0.000 r  zynq_PS_i/processing_system7_0/inst/PS7_i/FCLKCLK[0]
                         net (fo=1, routed)           0.315     0.315    zynq_PS_i/processing_system7_0/inst/FCLK_CLK_unbuffered[0]
    BUFGCTRL_X0Y0        BUFG (Prop_bufg_I_O)         0.026     0.341 r  zynq_PS_i/processing_system7_0/inst/buffer_fclk_clk_0.FCLK_CLK_0_BUFG/O
                         net (fo=802, routed)         0.561     0.901    zynq_PS_i/axi_gpio_0/U0/gpio_core_1/s_axi_aclk
    SLICE_X18Y39         FDRE                                         r  zynq_PS_i/axi_gpio_0/U0/gpio_core_1/Dual.gpio_Data_Out_reg[1]_lopt_replica/C
  -------------------------------------------------------------------    -------------------
    SLICE_X18Y39         FDRE (Prop_fdre_C_Q)         0.141     1.043 r  zynq_PS_i/axi_gpio_0/U0/gpio_core_1/Dual.gpio_Data_Out_reg[1]_lopt_replica/Q
                         net (fo=1, routed)           1.197     2.240    lopt_6
    W18                  OBUF (Prop_obuf_I_O)         1.229     3.468 r  LED_tri_o_OBUF[6]_inst/O
                         net (fo=0)                   0.000     3.468    LED_tri_o[6]
    W18                                                               r  LED_tri_o[6]
  -------------------------------------------------------------------    -------------------

Slack:                    inf
  Source:                 zynq_PS_i/axi_gpio_0/U0/gpio_core_1/Dual.gpio_Data_Out_reg[0]_lopt_replica/C
                            (rising edge-triggered cell FDRE clocked by clk_fpga_0  {rise@0.000ns fall@10.000ns period=20.000ns})
  Destination:            LED_tri_o[7]
                            (output port)
  Path Group:             (none)
  Path Type:              Min at Fast Process Corner
  Data Path Delay:        2.626ns  (logic 1.368ns (52.101%)  route 1.258ns (47.899%))
  Logic Levels:           1  (OBUF=1)
  Clock Uncertainty:      0.301ns  ((TSJ^2 + TIJ^2)^1/2 + DJ) / 2 + PE
    Total System Jitter     (TSJ):    0.050ns
    Total Input Jitter      (TIJ):    0.600ns
    Discrete Jitter          (DJ):    0.000ns
    Phase Error              (PE):    0.000ns

    Location             Delay type                Incr(ns)  Path(ns)    Netlist Resource(s)
  -------------------------------------------------------------------    -------------------
                         (clock clk_fpga_0 rise edge)
                                                      0.000     0.000 r  <hidden>
    PS7_X0Y0             PS7                          0.000     0.000 r  zynq_PS_i/processing_system7_0/inst/PS7_i/FCLKCLK[0]
                         net (fo=1, routed)           0.315     0.315    zynq_PS_i/processing_system7_0/inst/FCLK_CLK_unbuffered[0]
    BUFGCTRL_X0Y0        BUFG (Prop_bufg_I_O)         0.026     0.341 r  zynq_PS_i/processing_system7_0/inst/buffer_fclk_clk_0.FCLK_CLK_0_BUFG/O
                         net (fo=802, routed)         0.561     0.901    zynq_PS_i/axi_gpio_0/U0/gpio_core_1/s_axi_aclk
    SLICE_X18Y39         FDRE                                         r  zynq_PS_i/axi_gpio_0/U0/gpio_core_1/Dual.gpio_Data_Out_reg[0]_lopt_replica/C
  -------------------------------------------------------------------    -------------------
    SLICE_X18Y39         FDRE (Prop_fdre_C_Q)         0.141     1.043 r  zynq_PS_i/axi_gpio_0/U0/gpio_core_1/Dual.gpio_Data_Out_reg[0]_lopt_replica/Q
                         net (fo=1, routed)           1.258     2.300    lopt_7
    W19                  OBUF (Prop_obuf_I_O)         1.227     3.527 r  LED_tri_o_OBUF[7]_inst/O
                         net (fo=0)                   0.000     3.527    LED_tri_o[7]
    W19                                                               r  LED_tri_o[7]
  -------------------------------------------------------------------    -------------------

Slack:                    inf
  Source:                 zynq_PS_i/axi_gpio_0/U0/gpio_core_1/Dual.gpio_Data_Out_reg[6]_lopt_replica/C
                            (rising edge-triggered cell FDRE clocked by clk_fpga_0  {rise@0.000ns fall@10.000ns period=20.000ns})
  Destination:            LED_tri_o[1]
                            (output port)
  Path Group:             (none)
  Path Type:              Min at Fast Process Corner
  Data Path Delay:        2.661ns  (logic 1.384ns (51.991%)  route 1.278ns (48.009%))
  Logic Levels:           1  (OBUF=1)
  Clock Uncertainty:      0.301ns  ((TSJ^2 + TIJ^2)^1/2 + DJ) / 2 + PE
    Total System Jitter     (TSJ):    0.050ns
    Total Input Jitter      (TIJ):    0.600ns
    Discrete Jitter          (DJ):    0.000ns
    Phase Error              (PE):    0.000ns

    Location             Delay type                Incr(ns)  Path(ns)    Netlist Resource(s)
  -------------------------------------------------------------------    -------------------
                         (clock clk_fpga_0 rise edge)
                                                      0.000     0.000 r  <hidden>
    PS7_X0Y0             PS7                          0.000     0.000 r  zynq_PS_i/processing_system7_0/inst/PS7_i/FCLKCLK[0]
                         net (fo=1, routed)           0.315     0.315    zynq_PS_i/processing_system7_0/inst/FCLK_CLK_unbuffered[0]
    BUFGCTRL_X0Y0        BUFG (Prop_bufg_I_O)         0.026     0.341 r  zynq_PS_i/processing_system7_0/inst/buffer_fclk_clk_0.FCLK_CLK_0_BUFG/O
                         net (fo=802, routed)         0.561     0.901    zynq_PS_i/axi_gpio_0/U0/gpio_core_1/s_axi_aclk
    SLICE_X19Y39         FDRE                                         r  zynq_PS_i/axi_gpio_0/U0/gpio_core_1/Dual.gpio_Data_Out_reg[6]_lopt_replica/C
  -------------------------------------------------------------------    -------------------
    SLICE_X19Y39         FDRE (Prop_fdre_C_Q)         0.141     1.043 r  zynq_PS_i/axi_gpio_0/U0/gpio_core_1/Dual.gpio_Data_Out_reg[6]_lopt_replica/Q
                         net (fo=1, routed)           1.278     2.320    lopt_1
    P18                  OBUF (Prop_obuf_I_O)         1.243     3.563 r  LED_tri_o_OBUF[1]_inst/O
                         net (fo=0)                   0.000     3.563    LED_tri_o[1]
    P18                                                               r  LED_tri_o[1]
  -------------------------------------------------------------------    -------------------

Slack:                    inf
  Source:                 zynq_PS_i/axi_gpio_0/U0/gpio_core_1/Dual.gpio_Data_Out_reg[7]_lopt_replica/C
                            (rising edge-triggered cell FDRE clocked by clk_fpga_0  {rise@0.000ns fall@10.000ns period=20.000ns})
  Destination:            LED_tri_o[0]
                            (output port)
  Path Group:             (none)
  Path Type:              Min at Fast Process Corner
  Data Path Delay:        2.668ns  (logic 1.392ns (52.184%)  route 1.276ns (47.816%))
  Logic Levels:           1  (OBUF=1)
  Clock Uncertainty:      0.301ns  ((TSJ^2 + TIJ^2)^1/2 + DJ) / 2 + PE
    Total System Jitter     (TSJ):    0.050ns
    Total Input Jitter      (TIJ):    0.600ns
    Discrete Jitter          (DJ):    0.000ns
    Phase Error              (PE):    0.000ns

    Location             Delay type                Incr(ns)  Path(ns)    Netlist Resource(s)
  -------------------------------------------------------------------    -------------------
                         (clock clk_fpga_0 rise edge)
                                                      0.000     0.000 r  <hidden>
    PS7_X0Y0             PS7                          0.000     0.000 r  zynq_PS_i/processing_system7_0/inst/PS7_i/FCLKCLK[0]
                         net (fo=1, routed)           0.315     0.315    zynq_PS_i/processing_system7_0/inst/FCLK_CLK_unbuffered[0]
    BUFGCTRL_X0Y0        BUFG (Prop_bufg_I_O)         0.026     0.341 r  zynq_PS_i/processing_system7_0/inst/buffer_fclk_clk_0.FCLK_CLK_0_BUFG/O
                         net (fo=802, routed)         0.561     0.901    zynq_PS_i/axi_gpio_0/U0/gpio_core_1/s_axi_aclk
    SLICE_X19Y39         FDRE                                         r  zynq_PS_i/axi_gpio_0/U0/gpio_core_1/Dual.gpio_Data_Out_reg[7]_lopt_replica/C
  -------------------------------------------------------------------    -------------------
    SLICE_X19Y39         FDRE (Prop_fdre_C_Q)         0.141     1.043 r  zynq_PS_i/axi_gpio_0/U0/gpio_core_1/Dual.gpio_Data_Out_reg[7]_lopt_replica/Q
                         net (fo=1, routed)           1.276     2.318    lopt
    N17                  OBUF (Prop_obuf_I_O)         1.251     3.569 r  LED_tri_o_OBUF[0]_inst/O
                         net (fo=0)                   0.000     3.569    LED_tri_o[0]
    N17                                                               r  LED_tri_o[0]
  -------------------------------------------------------------------    -------------------





